<refentry xmlns="http://docbook.org/ns/docbook"
          xmlns:xlink="http://www.w3.org/1999/xlink"
          xmlns:xi="http://www.w3.org/2001/XInclude"
          xmlns:src="http://nwalsh.com/xmlns/litprog/fragment"
          xmlns:xsl="http://www.w3.org/1999/XSL/Transform"
          version="5.0" xml:id="dialogue.properties">
<refmeta>
<refentrytitle>dialogue.properties</refentrytitle>
<refmiscinfo class="other" otherclass="datatype">attribute set</refmiscinfo>
</refmeta>
<refnamediv>
<refname>dialogue.properties</refname>
<refpurpose>Properties applied to the DocBook Publishers dialogue element</refpurpose>
</refnamediv>

<refsynopsisdiv>
<src:fragment xml:id="dialogue.properties.frag">
<xsl:attribute-set name="dialogue.properties" use-attribute-sets="publishers.properties"/>
</src:fragment>
</refsynopsisdiv>

<refsection><info><title>Description</title></info>

<para>This <literal>attribute set</literal> is applied to the output 
block for the DocBook Publishers <tag>dialogue</tag> element.
By default, it imports the attributes defined in the
<tag>publishers.properties</tag> attribute-set.
</para>

</refsection>
</refentry>
