<?xml version="1.0" encoding="utf-8"?><l:l10n xmlns:l="http://docbook.sourceforge.net/xmlns/l10n/1.0" language="ur" english-language-name="Urdu">

<!-- * This file is generated automatically. -->
<!-- * To submit changes to this file upstream (to the DocBook Project) -->
<!-- * do not submit an edited version of this file. Instead, submit an -->
<!-- * edited version of the source file at the following location: -->
<!-- * -->
<!-- *  https://docbook.svn.sourceforge.net/svnroot/docbook/trunk/gentext/locale/ur.xml -->
<!-- * -->
<!-- * E-mail the edited ur.xml source file to: -->
<!-- * -->
<!-- *  docbook-developers@lists.sourceforge.net -->

<!-- ******************************************************************** -->

<!-- This file is part of the XSL DocBook Stylesheet distribution. -->
<!-- See ../README or http://cdn.docbook.org/release/xsl/current/ for -->
<!-- copyright and other information. -->

<!-- ******************************************************************** -->
<!-- In these files, % with a letter is used for a placeholder: -->
<!--   %t is the current element's title -->
<!--   %s is the current element's subtitle (if applicable)-->
<!--   %n is the current element's number label-->
<!--   %p is the current element's page number (if applicable)-->
<!-- ******************************************************************** -->


<l:gentext key="Abstract" text="خلاصہ"/>
<l:gentext key="abstract" text="خلاصہ"/>
<l:gentext key="Acknowledgements" text="عرفان"/>
<l:gentext key="acknowledgements" text="عرفان"/>
<l:gentext key="Answer" text=":جواب"/>
<l:gentext key="answer" text=":جواب"/>
<l:gentext key="Appendix" text="ضمیمہ"/>
<l:gentext key="appendix" text="ضمیمہ"/>
<l:gentext key="Article" text="مقالہ"/>
<l:gentext key="article" text="مقالہ"/>
<l:gentext key="Author" text="مصنف"/>
<l:gentext key="Bibliography" text="حوالہ جات"/>
<l:gentext key="bibliography" text="حوالہ جات"/>
<l:gentext key="Book" text="كتاب"/>
<l:gentext key="book" text="كتاب"/>
<l:gentext key="CAUTION" text="تنبیہ"/>
<l:gentext key="Caution" text="تنبیہ"/>
<l:gentext key="caution" text="تنبیہ"/>
<l:gentext key="Chapter" text="باب"/>
<l:gentext key="chapter" text="باب"/>
<l:gentext key="Colophon" text="ختم شد"/>
<l:gentext key="colophon" text="ختم شد"/>
<l:gentext key="Copyright" text="حقوق طباعت و اشاعت"/>
<l:gentext key="copyright" text="حقوق طباعت و اشاعت"/>
<l:gentext key="Dedication" text="انتساب"/>
<l:gentext key="dedication" text="انتساب"/>
<l:gentext key="Dialogue" text="Dialogue" lang="en"/>
<l:gentext key="dialogue" text="Dialogue" lang="en"/>
<l:gentext key="Drama" text="Drama" lang="en"/>
<l:gentext key="drama" text="Drama" lang="en"/>
<l:gentext key="Edition" text="اشاعت"/>
<l:gentext key="edition" text="اشاعت"/>
<l:gentext key="Editor" text="مدیر"/>
<l:gentext key="Equation" text="مساوات"/>
<l:gentext key="equation" text="مساوات"/>
<l:gentext key="Example" text="مثال"/>
<l:gentext key="example" text="مثال"/>
<l:gentext key="Figure" text="صورت"/>
<l:gentext key="figure" text="صورت"/>
<l:gentext key="Glossary" text="فرہنگ"/>
<l:gentext key="glossary" text="فرہنگ"/>
<l:gentext key="GlossSee" text="دیکھیں"/>
<l:gentext key="glosssee" text="دیکھیں"/>
<l:gentext key="GlossSeeAlso" text="یہ بھی دیکھیں"/>
<l:gentext key="glossseealso" text="یہ بھی دیکھیں"/>
<l:gentext key="IMPORTANT" text="اہم"/>
<l:gentext key="important" text="اہم"/>
<l:gentext key="Important" text="اہم"/>
<l:gentext key="Index" text="اشاریہ"/>
<l:gentext key="index" text="اشاریہ"/>
<l:gentext key="ISBN" text="عالمی معیاری کتاب نمبر"/>
<l:gentext key="isbn" text="عالمی معیاری کتاب نمبر"/>
<l:gentext key="LegalNotice" text="قانونی انتباہ"/>
<l:gentext key="legalnotice" text="قانونی انتباہ"/>
<l:gentext key="MsgAud" text="سامعین"/>
<l:gentext key="msgaud" text="سامعین"/>
<l:gentext key="MsgLevel" text="سطح"/>
<l:gentext key="msglevel" text="سطح"/>
<l:gentext key="MsgOrig" text="ماخذ"/>
<l:gentext key="msgorig" text="ماخذ"/>
<l:gentext key="NOTE" text="توجہ فرمائیں"/>
<l:gentext key="Note" text="توجہ فرمائیں"/>
<l:gentext key="note" text="توجہ فرمائیں"/>
<l:gentext key="Part" text="جزو"/>
<l:gentext key="part" text="جزو"/>
<l:gentext key="Poetry" text="Poetry" lang="en"/>
<l:gentext key="poetry" text="Poetry" lang="en"/>
<l:gentext key="Preface" text="پیش لفظ"/>
<l:gentext key="preface" text="پیش لفظ"/>
<l:gentext key="Procedure" text="اجرا"/>
<l:gentext key="procedure" text="اجرا"/>
<l:gentext key="ProductionSet" text="پیشکش"/>
<l:gentext key="PubDate" text="تاریخ اشاعت"/>
<l:gentext key="pubdate" text="تاریخ اشاعت"/>
<l:gentext key="Published" text="شائع شدہ"/>
<l:gentext key="published" text="شائع شدہ"/>
<l:gentext key="Publisher" text="ناشر"/>
<l:gentext key="Qandadiv" text="سوال و جواب"/>
<l:gentext key="qandadiv" text="سوال و جواب"/>
<l:gentext key="QandASet" text="Frequently Asked Questions" lang="en"/>
<l:gentext key="Question" text=":سوال"/>
<l:gentext key="question" text=":سوال"/>
<l:gentext key="RefEntry" text="صفحہ"/>
<l:gentext key="refentry" text="صفحہ"/>
<l:gentext key="Reference" text="حوالہ"/>
<l:gentext key="reference" text="حوالہ"/>
<l:gentext key="References" text="حوالہ جات"/>
<l:gentext key="RefName" text="نام"/>
<l:gentext key="refname" text="نام"/>
<l:gentext key="RefSection" text="قسم"/>
<l:gentext key="refsection" text="قسم"/>
<l:gentext key="RefSynopsisDiv" text="اختصاریہ"/>
<l:gentext key="refsynopsisdiv" text="اختصاریہ"/>
<l:gentext key="RevHistory" text="نظر ثانی کی تاریخ وار تفصیل"/>
<l:gentext key="revhistory" text="نظر ثانی کی تاریخ وار تفصیل"/>
<l:gentext key="revision" text="نظر ثانی"/>
<l:gentext key="Revision" text="نظر ثانی"/>
<l:gentext key="sect1" text="حصہ"/>
<l:gentext key="sect2" text="حصہ"/>
<l:gentext key="sect3" text="حصہ"/>
<l:gentext key="sect4" text="حصہ"/>
<l:gentext key="sect5" text="حصہ"/>
<l:gentext key="section" text="حصہ"/>
<l:gentext key="Section" text="حصہ"/>
<l:gentext key="see" text="ملاحظہ فرمائیں"/>
<l:gentext key="See" text="ملاحظہ فرمائیں"/>
<l:gentext key="seealso" text="یہ بھی دیکھیں"/>
<l:gentext key="Seealso" text="یہ بھی دیکھیں"/>
<l:gentext key="SeeAlso" text="یہ بھی دیکھیں"/>
<l:gentext key="set" text="مجموعہ"/>
<l:gentext key="Set" text="مجموعہ"/>
<l:gentext key="setindex" text="اشاریاتی مجموعہ"/>
<l:gentext key="SetIndex" text="اشاریاتی مجموعہ"/>
<l:gentext key="Sidebar" text="حاشیہ"/>
<l:gentext key="sidebar" text="حاشیہ"/>
<l:gentext key="step" text="قدم"/>
<l:gentext key="Step" text="قدم"/>
<l:gentext key="table" text="جدول"/>
<l:gentext key="Table" text="جدول"/>
<l:gentext key="task" text="مہم"/>
<l:gentext key="Task" text="مہم"/>
<l:gentext key="tip" text="اشارہ"/>
<l:gentext key="TIP" text="اشارہ"/>
<l:gentext key="Tip" text="اشارہ"/>
<l:gentext key="Warning" text="انتباہ"/>
<l:gentext key="warning" text="انتباہ"/>
<l:gentext key="WARNING" text="انتباہ"/>
<l:gentext key="and" text="اور"/>
<l:gentext key="or" text="یا"/>
<l:gentext key="by" text="از"/>
<l:gentext key="optional-step" text="(Optional) " lang="en"/>
<l:gentext key="Edited" text="تدوین شدہ"/>
<l:gentext key="edited" text="تدوین شدہ"/>
<l:gentext key="Editedby" text="تدوین از"/>
<l:gentext key="editedby" text="تدوین از"/>
<l:gentext key="in" text="میں"/>
<l:gentext key="lastlistcomma" text="،"/>
<l:gentext key="listcomma" text="،"/>
<l:gentext key="notes" text="ملاحظات"/>
<l:gentext key="Notes" text="ملاحظات"/>
<l:gentext key="Pgs" text="صفحات"/>
<l:gentext key="pgs" text="صفحات"/>
<l:gentext key="Revisedby" text=" :نظر ثانی از"/>
<l:gentext key="revisedby" text=" :نظر ثانی از"/>
<l:gentext key="TableNotes" text="ملاحظات"/>
<l:gentext key="tablenotes" text="ملاحظات"/>
<l:gentext key="TableofContents" text="فہرست"/>
<l:gentext key="tableofcontents" text="فہرست"/>
<l:gentext key="unexpectedelementname" text="اسم عنصر غير متوقع"/>
<l:gentext key="unsupported" text="غير مدعوم"/>
<l:gentext key="xrefto" text="بحوالہ"/>
<l:gentext key="video-unsupported" text="Your browser does not support the video tag" lang="en"/>
<l:gentext key="audio-unsupported" text="Your browser does not support the audio tag" lang="en"/>
<l:gentext key="Authors" text="مصنفین"/>
<l:gentext key="copyeditor" text="نقل محرر"/>
<l:gentext key="graphicdesigner" text="ترسیم تراش"/>
<l:gentext key="productioneditor" text="پیشکش محرر"/>
<l:gentext key="technicaleditor" text="فنی محرر"/>
<l:gentext key="translator" text="مترجم"/>
<l:gentext key="listofequations" text="فہرست مساوات"/>
<l:gentext key="ListofEquations" text="فہرست مساوات"/>
<l:gentext key="ListofExamples" text="فہرست امثال"/>
<l:gentext key="listofexamples" text="فہرست امثال"/>
<l:gentext key="ListofFigures" text="فہرست صورات"/>
<l:gentext key="listoffigures" text="فہرست صورات"/>
<l:gentext key="ListofProcedures" text="فہرست اجرا"/>
<l:gentext key="listofprocedures" text="فہرست اجرا"/>
<l:gentext key="listoftables" text="فہرست جدول"/>
<l:gentext key="ListofTables" text="فہرست جدول"/>
<l:gentext key="ListofUnknown" text="فہرست نامعلوم"/>
<l:gentext key="listofunknown" text="فہرست نامعلوم"/>
<l:gentext key="nav-home" text="سرورق"/>
<l:gentext key="nav-next" text="اگلا"/>
<l:gentext key="nav-next-sibling" text="آخر"/>
<l:gentext key="nav-prev" text="پچھلا"/>
<l:gentext key="nav-prev-sibling" text="اول"/>
<l:gentext key="nav-up" text="اوپر"/>
<l:gentext key="nav-toc" text="فہرست"/>
<l:gentext key="Draft" text="مسودہ"/>
<l:gentext key="above" text="اوپر"/>
<l:gentext key="below" text="نیچے"/>
<l:gentext key="sectioncalled" text="حصے کا نام ہے"/>
<l:gentext key="index symbols" text="رموز"/>
<l:gentext key="writing-mode" text="rl-tb"/>
<l:gentext key="lowercase.alpha" text="ا آ ب پ ت ٹ ث ج چ ح خ د ڈ ذ ر ڑ ز ژ س ش ص ض ط ظ ع غ ف ق ک گ ل م ن و ہ ء ی ے"/>
<l:gentext key="uppercase.alpha" text="ا آ ب پ ت ٹ ث ج چ ح خ د ڈ ذ ر ڑ ز ژ س ش ص ض ط ظ ع غ ف ق ک گ ل م ن و ہ ء ی ے"/>
<l:gentext key="normalize.sort.input" text="اآب بھ پ پھ ت تھ ٹ ٹھ ث ج جھ چ چھ ح خ د دھ ڈ ڈھ ذ ر رھ ڑ ڑھ ز ژ س ش ص ض ط ظ ع غ ف ق ک کھ گ گھ ل لھ م مھ ں ںھ ن نھ و وھ ہ ۃ ء ی ے"/>
<l:gentext key="normalize.sort.output" text="اآب بھ پ پھ ت تھ ٹ ٹھ ث ج جھ چ چھ ح خ د دھ ڈ ڈھ ذ ر رھ ڑ ڑھ ز ژ س ش ص ض ط ظ ع غ ف ق ک کھ گ گھ ل لھ م مھ ں ںھ ن نھ و وھ ہ ۃ ء ی ے"/>
<l:dingbat key="startquote" text="”"/>
<l:dingbat key="endquote" text="“"/>
<l:dingbat key="nestedstartquote" text="’"/>
<l:dingbat key="nestedendquote" text="‘"/>
<l:dingbat key="singlestartquote" text="’"/>
<l:dingbat key="singleendquote" text="‘"/>
<l:dingbat key="bullet" text="•"/>
<l:gentext key="hyphenation-character" text="‐"/>
<l:gentext key="hyphenation-push-character-count" text="2"/>
<l:gentext key="hyphenation-remain-character-count" text="2"/>
<l:context name="keycap"><l:template name="alt" text="Alt" lang="en"/>
<l:template name="backspace" text="&lt;—" lang="en"/>
<l:template name="command" text="⌘" lang="en"/>
<l:template name="control" text="Ctrl" lang="en"/>
<l:template name="delete" text="Del" lang="en"/>
<l:template name="down" text="↓" lang="en"/>
<l:template name="end" text="End" lang="en"/>
<l:template name="enter" text="Enter" lang="en"/>
<l:template name="escape" text="Esc" lang="en"/>
<l:template name="home" text="Home" lang="en"/>
<l:template name="insert" text="Ins" lang="en"/>
<l:template name="left" text="←" lang="en"/>
<l:template name="meta" text="Meta" lang="en"/>
<l:template name="option" text="⌥" lang="en"/>
<l:template name="pagedown" text="Page ↓" lang="en"/>
<l:template name="pageup" text="Page ↑" lang="en"/>
<l:template name="right" text="→" lang="en"/>
<l:template name="shift" text="Shift" lang="en"/>
<l:template name="space" text="Space" lang="en"/>
<l:template name="tab" text="→|" lang="en"/>
<l:template name="up" text="↑" lang="en"/>
</l:context>
<l:context name="webhelp"><l:template name="Search" text="تلاش"/>
<l:template name="Enter_a_term_and_click" text="Enter a term and click " lang="en"/>
<l:template name="Go" text="تلاش"/>
<l:template name="to_perform_a_search" text="تلاش کے لئے۔ "/>
<l:template name="txt_filesfound" text="Results" lang="en"/>
<l:template name="txt_enter_at_least_1_char" text="You must enter at least one character." lang="en"/>
<l:template name="txt_browser_not_supported" text="JavaScript is disabled on your browser. Please enable JavaScript to enjoy all the features of this site." lang="en"/>
<l:template name="txt_please_wait" text="انتظار فرمائیے، تلاش جاری ہے۔۔۔"/>
<l:template name="txt_results_for" text="Results for: " lang="en"/>
<l:template name="TableofContents" text="فہرست"/>
<l:template name="HighlightButton" text="Toggle search result highlighting" lang="en"/>
<l:template name="Your_search_returned_no_results" text="تلاش ناکام رہی۔"/>
</l:context>
<l:context name="styles"><l:template name="person-name" text="first-last"/>
</l:context>
<l:context name="title"><l:template name="abstract" text="%t"/>
<l:template name="acknowledgements" text="%t" lang="en"/>
<l:template name="answer" text="%t"/>
<l:template name="appendix" text="ضمیمہ %n. %t"/>
<l:template name="article" text="%t"/>
<l:template name="authorblurb" text="%t"/>
<l:template name="bibliodiv" text="%t"/>
<l:template name="biblioentry" text="%t"/>
<l:template name="bibliography" text="%t"/>
<l:template name="bibliolist" text="%t" lang="en"/>
<l:template name="bibliomixed" text="%t"/>
<l:template name="bibliomset" text="%t"/>
<l:template name="biblioset" text="%t"/>
<l:template name="blockquote" text="%t"/>
<l:template name="book" text="%t"/>
<l:template name="calloutlist" text="%t"/>
<l:template name="caution" text="%t"/>
<l:template name="chapter" text="باب %n. %t"/>
<l:template name="colophon" text="%t"/>
<l:template name="dedication" text="%t"/>
<l:template name="equation" text="مساوات %n. %t"/>
<l:template name="example" text="مثال %n. %t"/>
<l:template name="figure" text="صورت %n. %t"/>
<l:template name="foil" text="%t" lang="en"/>
<l:template name="foilgroup" text="%t" lang="en"/>
<l:template name="formalpara" text="%t"/>
<l:template name="glossary" text="%t"/>
<l:template name="glossdiv" text="%t"/>
<l:template name="glosslist" text="%t" lang="en"/>
<l:template name="glossentry" text="%t"/>
<l:template name="important" text="%t"/>
<l:template name="index" text="%t"/>
<l:template name="indexdiv" text="%t"/>
<l:template name="itemizedlist" text="%t"/>
<l:template name="legalnotice" text="%t"/>
<l:template name="listitem" text=""/>
<l:template name="lot" text="%t"/>
<l:template name="msg" text="%t"/>
<l:template name="msgexplan" text="%t"/>
<l:template name="msgmain" text="%t"/>
<l:template name="msgrel" text="%t"/>
<l:template name="msgset" text="%t"/>
<l:template name="msgsub" text="%t"/>
<l:template name="note" text="%t"/>
<l:template name="orderedlist" text="%t"/>
<l:template name="part" text="جزو %n. %t"/>
<l:template name="partintro" text="%t"/>
<l:template name="preface" text="%t"/>
<l:template name="procedure" text="%t"/>
<l:template name="procedure.formal" text="اجرا %n. %t"/>
<l:template name="productionset" text="%t"/>
<l:template name="productionset.formal" text="پیشکش %n"/>
<l:template name="qandadiv" text="%t"/>
<l:template name="qandaentry" text="%t"/>
<l:template name="qandaset" text="%t"/>
<l:template name="question" text="%t"/>
<l:template name="refentry" text="%t"/>
<l:template name="reference" text="%t"/>
<l:template name="refsection" text="%t"/>
<l:template name="refsect1" text="%t"/>
<l:template name="refsect2" text="%t"/>
<l:template name="refsect3" text="%t"/>
<l:template name="refsynopsisdiv" text="%t"/>
<l:template name="refsynopsisdivinfo" text="%t"/>
<l:template name="screenshot" text="%t" lang="en"/>
<l:template name="segmentedlist" text="%t"/>
<l:template name="set" text="%t"/>
<l:template name="setindex" text="%t"/>
<l:template name="sidebar" text="%t"/>
<l:template name="step" text="%t"/>
<l:template name="table" text="جدول %n. %t"/>
<l:template name="task" text="%t" lang="en"/>
<l:template name="tasksummary" text="%t" lang="en"/>
<l:template name="taskprerequisites" text="%t" lang="en"/>
<l:template name="taskrelated" text="%t" lang="en"/>
<l:template name="tip" text="%t"/>
<l:template name="toc" text="%t"/>
<l:template name="variablelist" text="%t"/>
<l:template name="varlistentry" text=""/>
<l:template name="warning" text="%t"/>
</l:context>
<l:context name="title-unnumbered"><l:template name="appendix" text="%t"/>
<l:template name="article/appendix" text="%t"/>
<l:template name="bridgehead" text="%t"/>
<l:template name="chapter" text="%t"/>
<l:template name="sect1" text="%t"/>
<l:template name="sect2" text="%t"/>
<l:template name="sect3" text="%t"/>
<l:template name="sect4" text="%t"/>
<l:template name="sect5" text="%t"/>
<l:template name="section" text="%t"/>
<l:template name="simplesect" text="%t"/>
<l:template name="topic" text="%t" lang="en"/>
<l:template name="part" text="%t" lang="en"/>
<l:template name="dialogue" text="%t" lang="en"/>
<l:template name="drama" text="%t" lang="en"/>
<l:template name="poetry" text="%t" lang="en"/>
</l:context>
<l:context name="title-numbered"><l:template name="appendix" text="ضمیمہ %n. %t"/>
<l:template name="article/appendix" text="%n. %t"/>
<l:template name="bridgehead" text="%n. %t"/>
<l:template name="chapter" text="باب %n. %t"/>
<l:template name="part" text="جزو %n. %t"/>
<l:template name="sect1" text="%n. %t"/>
<l:template name="sect2" text="%n. %t"/>
<l:template name="sect3" text="%n. %t"/>
<l:template name="sect4" text="%n. %t"/>
<l:template name="sect5" text="%n. %t"/>
<l:template name="section" text="%n. %t"/>
<l:template name="simplesect" text="%t"/>
<l:template name="topic" text="%t" lang="en"/>
</l:context>
<l:context name="subtitle"><l:template name="appendix" text="%s"/>
<l:template name="acknowledgements" text="%s" lang="en"/>
<l:template name="article" text="%s"/>
<l:template name="bibliodiv" text="%s"/>
<l:template name="biblioentry" text="%s"/>
<l:template name="bibliography" text="%s"/>
<l:template name="bibliomixed" text="%s"/>
<l:template name="bibliomset" text="%s"/>
<l:template name="biblioset" text="%s"/>
<l:template name="book" text="%s"/>
<l:template name="chapter" text="%s"/>
<l:template name="colophon" text="%s"/>
<l:template name="dedication" text="%s"/>
<l:template name="glossary" text="%s"/>
<l:template name="glossdiv" text="%s"/>
<l:template name="index" text="%s"/>
<l:template name="indexdiv" text="%s"/>
<l:template name="lot" text="%s"/>
<l:template name="part" text="%s"/>
<l:template name="partintro" text="%s"/>
<l:template name="preface" text="%s"/>
<l:template name="refentry" text="%s"/>
<l:template name="reference" text="%s"/>
<l:template name="refsection" text="%s"/>
<l:template name="refsect1" text="%s"/>
<l:template name="refsect2" text="%s"/>
<l:template name="refsect3" text="%s"/>
<l:template name="refsynopsisdiv" text="%s"/>
<l:template name="sect1" text="%s"/>
<l:template name="sect2" text="%s"/>
<l:template name="sect3" text="%s"/>
<l:template name="sect4" text="%s"/>
<l:template name="sect5" text="%s"/>
<l:template name="section" text="%s"/>
<l:template name="set" text="%s"/>
<l:template name="setindex" text="%s"/>
<l:template name="sidebar" text="%s"/>
<l:template name="simplesect" text="%s"/>
<l:template name="topic" text="%t" lang="en"/>
<l:template name="toc" text="%s"/>
<l:template name="dialogue" text="%s" lang="en"/>
<l:template name="drama" text="%s" lang="en"/>
<l:template name="poetry" text="%s" lang="en"/>
</l:context>
<l:context name="xref"><l:template name="abstract" text="%t"/>
<l:template name="acknowledgements" text="%t" lang="en"/>
<l:template name="answer" text="جواب: %n"/>
<l:template name="appendix" text="%t"/>
<l:template name="article" text="%t"/>
<l:template name="authorblurb" text="%t"/>
<l:template name="bibliodiv" text="%t"/>
<l:template name="bibliography" text="%t"/>
<l:template name="bibliomset" text="%t"/>
<l:template name="biblioset" text="%t"/>
<l:template name="blockquote" text="%t"/>
<l:template name="book" text="%t"/>
<l:template name="calloutlist" text="%t"/>
<l:template name="caution" text="%t"/>
<l:template name="chapter" text="%t"/>
<l:template name="colophon" text="%t"/>
<l:template name="constraintdef" text="%t"/>
<l:template name="dedication" text="%t"/>
<l:template name="equation" text="%t"/>
<l:template name="example" text="%t"/>
<l:template name="figure" text="%t"/>
<l:template name="foil" text="%t" lang="en"/>
<l:template name="foilgroup" text="%t" lang="en"/>
<l:template name="formalpara" text="%t"/>
<l:template name="glossary" text="%t"/>
<l:template name="glossdiv" text="%t"/>
<l:template name="important" text="%t"/>
<l:template name="index" text="%t"/>
<l:template name="indexdiv" text="%t"/>
<l:template name="itemizedlist" text="%t"/>
<l:template name="legalnotice" text="%t"/>
<l:template name="listitem" text="%n"/>
<l:template name="lot" text="%t"/>
<l:template name="msg" text="%t"/>
<l:template name="msgexplan" text="%t"/>
<l:template name="msgmain" text="%t"/>
<l:template name="msgrel" text="%t"/>
<l:template name="msgset" text="%t"/>
<l:template name="msgsub" text="%t"/>
<l:template name="note" text="%t"/>
<l:template name="orderedlist" text="%t"/>
<l:template name="part" text="%t"/>
<l:template name="partintro" text="%t"/>
<l:template name="preface" text="%t"/>
<l:template name="procedure" text="%t"/>
<l:template name="productionset" text="%t"/>
<l:template name="qandadiv" text="%t"/>
<l:template name="qandaentry" text="سوال: %n"/>
<l:template name="qandaset" text="%t"/>
<l:template name="question" text="سوال: %n"/>
<l:template name="reference" text="%t"/>
<l:template name="refsynopsisdiv" text="%t"/>
<l:template name="screenshot" text="%t" lang="en"/>
<l:template name="segmentedlist" text="%t"/>
<l:template name="set" text="%t"/>
<l:template name="setindex" text="%t"/>
<l:template name="sidebar" text="%t"/>
<l:template name="table" text="%t"/>
<l:template name="task" text="%t" lang="en"/>
<l:template name="tip" text="%t"/>
<l:template name="toc" text="%t"/>
<l:template name="variablelist" text="%t"/>
<l:template name="varlistentry" text="%n"/>
<l:template name="warning" text="%t"/>
<l:template name="olink.document.citation" text=" in %o" lang="en"/>
<l:template name="olink.page.citation" text=" (page %p)" lang="en"/>
<l:template name="page.citation" text=" [%p]"/>
<l:template name="page" text="(page %p)" lang="en"/>
<l:template name="docname" text=" in %o" lang="en"/>
<l:template name="docnamelong" text=" in the document titled %o" lang="en"/>
<l:template name="pageabbrev" text="(p. %p)" lang="en"/>
<l:template name="Page" text="صفحہ %p"/>
<l:template name="topic" text="%t" lang="en"/>
<l:template name="dialogue" text="%t" lang="en"/>
<l:template name="drama" text="%t" lang="en"/>
<l:template name="poetry" text="%t" lang="en"/>
<l:template name="bridgehead" text="حصہ کا نام “%t”"/>
<l:template name="refsection" text="حصہ کا نام “%t”"/>
<l:template name="refsect1" text="حصہ کا نام “%t”"/>
<l:template name="refsect2" text="حصہ کا نام “%t”"/>
<l:template name="refsect3" text="حصہ کا نام “%t”"/>
<l:template name="sect1" text="حصہ کا نام “%t”"/>
<l:template name="sect2" text="حصہ کا نام “%t”"/>
<l:template name="sect3" text="حصہ کا نام “%t”"/>
<l:template name="sect4" text="حصہ کا نام “%t”"/>
<l:template name="sect5" text="حصہ کا نام “%t”"/>
<l:template name="section" text="حصہ کا نام “%t”"/>
<l:template name="simplesect" text="حصہ کا نام “%t”"/>
</l:context>
<l:context name="xref-number"><l:template name="answer" text="جواب: %n"/>
<l:template name="appendix" text="ضمیمہ %n"/>
<l:template name="bridgehead" text="قسم %n"/>
<l:template name="chapter" text="باب %n"/>
<l:template name="equation" text="مساوات %n"/>
<l:template name="example" text="مثال %n"/>
<l:template name="figure" text="صورت %n"/>
<l:template name="part" text="جزو %n"/>
<l:template name="procedure" text="اجرا %n"/>
<l:template name="productionset" text="پیشکش %n"/>
<l:template name="qandadiv" text="سوال و جواب %n"/>
<l:template name="qandaentry" text="سوال: %n"/>
<l:template name="question" text="سوال: %n"/>
<l:template name="sect1" text="حصہ %n"/>
<l:template name="sect2" text="حصہ %n"/>
<l:template name="sect3" text="حصہ %n"/>
<l:template name="sect4" text="حصہ %n"/>
<l:template name="sect5" text="حصہ %n"/>
<l:template name="section" text="حصہ %n"/>
<l:template name="table" text="جدول %n"/>
</l:context>
<l:context name="xref-number-and-title"><l:template name="appendix" text="ضمیمہ %n, %t"/>
<l:template name="bridgehead" text="قسم %n, “%t”"/>
<l:template name="chapter" text="باب %n, %t"/>
<l:template name="equation" text="مساوات %n, “%t”"/>
<l:template name="example" text="مثال %n, “%t”"/>
<l:template name="figure" text="صورت %n, “%t”"/>
<l:template name="part" text="جزو %n, “%t”"/>
<l:template name="procedure" text="اجرا %n, “%t”"/>
<l:template name="productionset" text="پیشکش %n, “%t”"/>
<l:template name="qandadiv" text="سوال و جواب %n, “%t”"/>
<l:template name="refsect1" text="حصے کا نام “%t”"/>
<l:template name="refsect2" text="حصے کا نام “%t”"/>
<l:template name="refsect3" text="حصے کا نام “%t”"/>
<l:template name="refsection" text="حصے کا نام “%t”"/>
<l:template name="sect1" text="حصہ %n, “%t”"/>
<l:template name="sect2" text="حصہ %n, “%t”"/>
<l:template name="sect3" text="حصہ %n, “%t”"/>
<l:template name="sect4" text="حصہ %n, “%t”"/>
<l:template name="sect5" text="حصہ %n, “%t”"/>
<l:template name="section" text="حصہ %n, “%t”"/>
<l:template name="simplesect" text="حصے کا نام “%t”"/>
<l:template name="table" text="جدول %n, “%t”"/>
</l:context>
<l:context name="authorgroup"><l:template name="sep" text="، "/>
<l:template name="sep2" text=" اور "/>
<l:template name="seplast" text="، اور "/>
</l:context>
<l:context name="glossary"><l:template name="see" text="دیکھیں %t."/>
<l:template name="seealso" text="یہ بھی دیکھیں %t."/>
<l:template name="seealso-separator" text="، "/>
</l:context>
<l:context name="msgset"><l:template name="MsgAud" text="سامعین: "/>
<l:template name="MsgLevel" text="سطح: "/>
<l:template name="MsgOrig" text="ماخذ: "/>
</l:context>
<l:context name="datetime"><l:template name="format" text="d/m/Y"/>
</l:context>
<l:context name="termdef"><l:template name="prefix" text="[تعریف: "/>
<l:template name="suffix" text="]" lang="en"/>
</l:context>
<l:context name="datetime-full"><l:template name="January" text="جنوری"/>
<l:template name="February" text="فروری"/>
<l:template name="March" text="مارچ"/>
<l:template name="April" text="اپریل"/>
<l:template name="May" text="مئی"/>
<l:template name="June" text="جون"/>
<l:template name="July" text="جولائی"/>
<l:template name="August" text="اگست"/>
<l:template name="September" text="ستمبر"/>
<l:template name="October" text="اکتوبر"/>
<l:template name="November" text="نومبر"/>
<l:template name="December" text="دسمبر"/>
<l:template name="Monday" text="پیر"/>
<l:template name="Tuesday" text="منگل"/>
<l:template name="Wednesday" text="بدھ"/>
<l:template name="Thursday" text="جمعرات"/>
<l:template name="Friday" text="جمعہ"/>
<l:template name="Saturday" text="ہفتہ"/>
<l:template name="Sunday" text="اتوار"/>
</l:context>
<l:context name="datetime-abbrev"><l:template name="Jan" text="جنوری"/>
<l:template name="Feb" text="فروری"/>
<l:template name="Mar" text="مارچ"/>
<l:template name="Apr" text="اپریل"/>
<l:template name="May" text="مئی"/>
<l:template name="Jun" text="جون"/>
<l:template name="Jul" text="جولائی"/>
<l:template name="Aug" text="اگست"/>
<l:template name="Sep" text="ستمبر"/>
<l:template name="Oct" text="اکتوبر"/>
<l:template name="Nov" text="نومبر"/>
<l:template name="Dec" text="دسمبر"/>
<l:template name="Mon" text="پیر"/>
<l:template name="Tue" text="منگل"/>
<l:template name="Wed" text="بدھ"/>
<l:template name="Thu" text="جمعرات"/>
<l:template name="Fri" text="جمعہ"/>
<l:template name="Sat" text="ہفتہ"/>
<l:template name="Sun" text="اتوار"/>
</l:context>
<l:context name="htmlhelp"><l:template name="langcode" text="0x0420 Urdu (PAKISTAN)"/>
</l:context>
<l:context name="index"><l:template name="term-separator" text=", " lang="en"/>
<l:template name="number-separator" text=", " lang="en"/>
<l:template name="range-separator" text="-" lang="en"/>
</l:context>
<l:context name="iso690"><l:template name="lastfirst.sep" text=", " lang="en"/>
<l:template name="alt.person.two.sep" text=" – " lang="en"/>
<l:template name="alt.person.last.sep" text=" – " lang="en"/>
<l:template name="alt.person.more.sep" text=" – " lang="en"/>
<l:template name="primary.editor" text=" (ed.)" lang="en"/>
<l:template name="primary.many" text=", et al." lang="en"/>
<l:template name="primary.sep" text=". " lang="en"/>
<l:template name="submaintitle.sep" text=": " lang="en"/>
<l:template name="title.sep" text=". " lang="en"/>
<l:template name="othertitle.sep" text=", " lang="en"/>
<l:template name="medium1" text=" [" lang="en"/>
<l:template name="medium2" text="]" lang="en"/>
<l:template name="secondary.person.sep" text="; " lang="en"/>
<l:template name="secondary.sep" text=". " lang="en"/>
<l:template name="respons.sep" text=". " lang="en"/>
<l:template name="edition.sep" text=". " lang="en"/>
<l:template name="edition.serial.sep" text=", " lang="en"/>
<l:template name="issuing.range" text="-" lang="en"/>
<l:template name="issuing.div" text=", " lang="en"/>
<l:template name="issuing.sep" text=". " lang="en"/>
<l:template name="partnr.sep" text=". " lang="en"/>
<l:template name="placepubl.sep" text=": " lang="en"/>
<l:template name="publyear.sep" text=", " lang="en"/>
<l:template name="pubinfo.sep" text=". " lang="en"/>
<l:template name="spec.pubinfo.sep" text=", " lang="en"/>
<l:template name="upd.sep" text=", " lang="en"/>
<l:template name="datecit1" text=" [cited " lang="en"/>
<l:template name="datecit2" text="]" lang="en"/>
<l:template name="extent.sep" text=". " lang="en"/>
<l:template name="locs.sep" text=", " lang="en"/>
<l:template name="location.sep" text=". " lang="en"/>
<l:template name="serie.sep" text=". " lang="en"/>
<l:template name="notice.sep" text=". " lang="en"/>
<l:template name="access" text="Available " lang="en"/>
<l:template name="acctoo" text="Also available " lang="en"/>
<l:template name="onwww" text="from World Wide Web" lang="en"/>
<l:template name="oninet" text="from Internet" lang="en"/>
<l:template name="access.end" text=": " lang="en"/>
<l:template name="link1" text="&lt;" lang="en"/>
<l:template name="link2" text="&gt;" lang="en"/>
<l:template name="access.sep" text=". " lang="en"/>
<l:template name="isbn" text="ISBN " lang="en"/>
<l:template name="issn" text="ISSN " lang="en"/>
<l:template name="stdnum.sep" text=". " lang="en"/>
<l:template name="patcountry.sep" text=". " lang="en"/>
<l:template name="pattype.sep" text=", " lang="en"/>
<l:template name="patnum.sep" text=". " lang="en"/>
<l:template name="patdate.sep" text=". " lang="en"/>
</l:context><l:letters><l:l i="-1"/>
<l:l i="0">Symbols</l:l>
<l:l i="10">ا</l:l>
<l:l i="10">آ</l:l>
<l:l i="20">ب</l:l>
<l:l i="20">بھ</l:l>
<l:l i="30">پ</l:l>
<l:l i="30">پھ</l:l>
<l:l i="40">ت</l:l>
<l:l i="40">تھ</l:l>
<l:l i="50">ٹ</l:l>
<l:l i="50">ٹھ</l:l>
<l:l i="60">ث</l:l>
<l:l i="70">ج</l:l>
<l:l i="70">جھ</l:l>
<l:l i="80">چ</l:l>
<l:l i="80">چھ</l:l>
<l:l i="90">ح</l:l>
<l:l i="100">خ</l:l>
<l:l i="110">د</l:l>
<l:l i="110">دھ</l:l>
<l:l i="120">ڈ</l:l>
<l:l i="120">ڈھ</l:l>
<l:l i="130">ذ</l:l>
<l:l i="140">ر</l:l>
<l:l i="140">رھ</l:l>
<l:l i="150">ڑ</l:l>
<l:l i="150">ڑھ</l:l>
<l:l i="160">ز</l:l>
<l:l i="170">ژ</l:l>
<l:l i="180">س</l:l>
<l:l i="190">ش</l:l>
<l:l i="200">ص</l:l>
<l:l i="210">ض</l:l>
<l:l i="220">ط</l:l>
<l:l i="230">ظ</l:l>
<l:l i="240">ع</l:l>
<l:l i="250">غ</l:l>
<l:l i="260">ف</l:l>
<l:l i="270">ق</l:l>
<l:l i="280">ک</l:l>
<l:l i="280">کھ</l:l>
<l:l i="290">گ</l:l>
<l:l i="290">گھ</l:l>
<l:l i="300">ل</l:l>
<l:l i="300">لھ</l:l>
<l:l i="310">م</l:l>
<l:l i="310">مھ</l:l>
<l:l i="320">ن</l:l>
<l:l i="320">نھ</l:l>
<l:l i="330">و</l:l>
<l:l i="330">وھ</l:l>
<l:l i="340">ہ</l:l>
<l:l i="350">ء</l:l>
<l:l i="360">ی</l:l>
<l:l i="370">ے</l:l>
</l:letters>
</l:l10n>