<?xml version="1.0" encoding="UTF-8"?>
{% import 'tls-lib.xml' as tls_funcs %}
<appendix xml:id="appendix.autodiscoverautoconfig" xmlns="http://docbook.org/ns/docbook"
    xmlns:bsi="http://bsi.bund.de/ns/docbook" xmlns:xlink="http://www.w3.org/1999/xlink"
    xmlns:math="http://forge.scilab.org/p/jlatexmath" version="5.0-variant bsi" xml:lang="de">
<info><title>Autoconfig, Autodiscover und SRV Records</title></info>

<section xml:id="appendix.autodiscover.xml">
    <info><title>Autodiscover XML-Konfiguration</title></info>
    {% if result %}
    {% if result.autodiscover.result.valid_xml %}
        <programlisting>
<![CDATA[ {{- result.autodiscover.result.used_data|safe -}} ]]>
        </programlisting>
    {% else %}
        <para>Keine gültige Autodiscover XML-Konfiguration ermittelt.</para>
    {% endif %}
    {% else %}
        <para>Es wurde keine Autodiscover-Analyse durchgeführt.</para>
    {% endif %}
</section>

<section xml:id="appendix.autoconfig.xml">
    <info><title>Autoconfig XML-Konfiguration</title></info>
    {% if result %}
        {% if result.autoconfig.result.valid_xml %}
            <programlisting>
<![CDATA[ {{- result.autoconfig.result.used_data|safe -}} ]]>
            </programlisting>
        {% else %}
            <para>Keine gültige Autoconfig XML-Konfiguration ermittelt.</para>
        {% endif %}
    {% else %}
        <para>Es wurde keine Autodiscover-Analyse durchgeführt.</para>
    {% endif %}
</section>

{% if result %}
<section xml:id="appendix.autodiscover.tls.{{ result.autodiscover.result.unique_id }}">
    <info><title>TLS Konfiguration (Autodiscover)</title></info>
        {% if not result.autodiscover.result.used_domain_tls_scan %}
            <para>Es wurde keine Autodiscover XML-Konfiguration über TLS heruntergeladen.</para>
        {% endif %} 

        {% if result.autodiscover.result.used_domain_tls_scan %}
            {% set hostname = result.autodiscover.result.used_domain_tls_scan.invocation.host + ":" + result.autodiscover.result.used_domain_tls_scan.invocation.port %}
            {% set title = "Bewertung für den TLS Dienst " + hostname  %}
            {{ tls_funcs.tls_section(title, "HTTPS", result.autodiscover.result.used_domain_tls_scan) }}
            {% set title = "Detaillierte TLS Analyse für den Dienst " + hostname  %}
            {{ tls_funcs.tls_appendix(title, hostname, result.autodiscover.result.used_domain_tls_scan) }}
        {% endif %}
</section>
{% endif %}

{% if result %}
<section xml:id="appendix.autoconfig.tls.{{ result.autoconfig.result.unique_id }}">
    <info><title>TLS Konfiguration (Autoconfig)</title></info>
        {% if not result.autoconfig.result.used_domain_tls_scan  %}
            <para>Es wurde keine Autoconfig XML-Konfiguration über TLS heruntergeladen.</para>
        {% endif %} 

        {% if result.autoconfig.result.used_domain_tls_scan %}
            {% set hostname = result.autoconfig.result.used_domain_tls_scan.invocation.host + ":" + result.autoconfig.result.used_domain_tls_scan.invocation.port %}
            {% set title = "Bewertung für den TLS Dienst " + hostname  %}
            {{ tls_funcs.tls_section(title, "HTTPS", result.autoconfig.result.used_domain_tls_scan) }}
            {% set title = "Detaillierte TLS Analyse für den Dienst " + hostname  %}
            {{ tls_funcs.tls_appendix(title, hostname, result.autoconfig.result.used_domain_tls_scan) }}
        {% endif %}
</section>
{% endif %}

</appendix>
