<?xml version="1.0" encoding="UTF-8"?>
{% import 'tls-lib.xml' as tls_funcs %}
<chapter xmlns="http://docbook.org/ns/docbook" xmlns:xi="http://www.w3.org/2001/XInclude"
    xmlns:bsi="http://bsi.bund.de/ns/docbook" xmlns:xlink="http://www.w3.org/1999/xlink"
    xmlns:math="http://forge.scilab.org/p/jlatexmath" version="5.0-variant bsi" xml:lang="de" xml:id="sec.autodiscover_autoconfig">
<info><title>Autoconfig, Autodiscover und SRV Records</title></info>

<section xml:id="sec.autodiscover">
    <info><title>Autodiscover</title></info>

    {% if result %}
    <variablelist>
        <varlistentry>
            <term>
                TR-03108-E-13
            </term>
            <listitem>
                {% if result.autodiscover.e13 %}
                    <para>
                        <emphasis role="bold">Konform:</emphasis> Eine Autodiscover XML-Konfiguration
                        wird unter der URL {{ result.autodiscover.result.used_url }} angeboten. Der vollständige Inhalt der XML-Konfiguration ist 
                        in <xref linkend="appendix.autodiscover.xml"/> dargestellt. 
                        Informationen zur Unterstützung von TLS sind in Anhang <xref linkend="appendix.autodiscover.tls.{{ result.autodiscover.result.unique_id }}"/> aufgeführt.
                    </para>
                {% else %}
                    {% if not result.autodiscover.result.valid_xml %}
                        <para>
                            <emphasis role="bold">Nicht konform.</emphasis> Eine Autodiscover XML-Konfiguration
                            wird nicht angeboten. Folgende URL wurden für den Abruf der XML-Konfiguration
                            berücksichtigt:
                            <itemizedlist bsi:ignore="list.itemcount">
                                {% for parsed_url in result.autodiscover.result.result %}
                                    <listitem>
                                        {{ parsed_url.url }}
                                    </listitem>
                                {% endfor %}
                            </itemizedlist>
                            Über keine der URL konnte eine gültige Autodiscover XML-Konfiguration abgerufen werden.
                        </para>
                    {% else %}
                        {% if not result.autodiscover.result.used_domain_tls_scan or result.autodiscover.result.used_domain_tls_scan and not result.autodiscover.result.used_domain_tls_scan.is_conform%}
                            <para>
                                <emphasis role="bold">Nicht konform:</emphasis> Der Dienst bietet unter der URL {{ result.autodiscover.result.used_url }} zwar eine Autodiscover XML-Konfiguration an, aber die TLS-Konfiguration des Webservers ist nicht konform zu <citation linkend="tr-03116"/> (siehe <xref linkend="appendix.autodiscover.tls.{{ result.autodiscover.result.unique_id }}"/> für Details).
                                Der vollständige Inhalt der XML-Konfiguration ist in <xref linkend="appendix.autodiscover.xml"/> dargestellt.
                            </para>
                        {% endif %}
                    {% endif %}
                {% endif %}
            </listitem>
        </varlistentry>

        <varlistentry>
            <term>
                TR-03108-E-14
            </term>
            <listitem>       
                    {% if result.autodiscover.e14.result %}
                        {% if "SMTP" in result.autodiscover.result.errors.missing_protocols %}
                             <para><emphasis role="bold">Konform:</emphasis> Es ist kein SMTP-Server durch Autodiscover definiert.</para>
                        {% else %}
                            <para>
                                <emphasis role="bold">Konform:</emphasis> Es werden ausschließlich die folgenden SMTP-Server, die alle mittels TLS kommunizieren, aufgeführt:
                                <itemizedlist bsi:ignore="list.itemcount">
                                    {% for p in result.autodiscover.result.all_protocols %}
                                        {% if p.name == "SMTP" %}
                                            {% if p.SSL == True %}
                                                <listitem>
                                                    {{ p.hostname }}:{{ p.port }}
                                                </listitem>
                                            {% endif %}
                                        {% endif %}
                                    {% endfor %}
                                </itemizedlist>
                            </para>
                        {% endif %}
                    {% else %}
                        <para>
                            <emphasis role="bold">Nicht konform:</emphasis>
                            {% if not result.autodiscover.result.valid_xml %}
                                Keine gültige Autodiscover XML-Konfiguration ermittelt.
                            {% endif %}

                            {% for p in result.autodiscover.result.errors.protocols_without_ssl %}
                                {% if p.name == "SMTP" %}
                                    {% if p.SSL == False %}
                                        Der folgende SMTP-Server ist nicht durch TLS gesichert:
                                        <itemizedlist bsi:ignore="list.itemcount">
                                            <listitem>
                                                {{ p.hostname }}:{{ p.port }}
                                            </listitem>
                                        </itemizedlist>
                                    {% endif %}
                                {% endif %}
                            {% endfor %}

                            {% if result.autodiscover.e14.wrong|length > 0 %}
                                Folgende SMTP-Server sind in der Testkonfiguration nicht definiert
                                und daher nicht Teil der Untersuchung:
                                <itemizedlist bsi:ignore="list.itemcount">
                                {% for p in result.autodiscover.e14.wrong %}
                                    <listitem>
                                        {{ p.hostname }}:{{ p.port }}
                                    </listitem>
                                {% endfor %}
                                </itemizedlist>
                            {% endif %}

                            {% if result.autodiscover.e14.starttls|length > 0 %}
                                Folgende SMTP-Server unterstützen kein TLS:
                                <itemizedlist bsi:ignore="list.itemcount">
                                {% for p in result.autodiscover.e14.starttls %}
                                    <listitem>
                                        {{ p.hostname }}:{{ p.port }}
                                    </listitem>
                                {% endfor %}
                                </itemizedlist>
                            {% endif %}

                        </para>
                    {% endif %}
            </listitem>
        </varlistentry>

        <varlistentry>
            <term>
                TR-03108-E-15
            </term>
            <listitem>    
                {% if result.autodiscover.e15.result %}
                    {% if "IMAP" in result.autodiscover.result.errors.missing_protocols %}
                         <para><emphasis role="bold">Konform:</emphasis> Es ist kein IMAP-Server durch Autodiscover definiert.</para>
                    {% else %}
                        <para>
                            <emphasis role="bold">Konform:</emphasis> Es werden ausschließlich die folgenden IMAP-Server, die alle mittels TLS kommunizieren, aufgeführt:
                            <itemizedlist bsi:ignore="list.itemcount">
                                {% for p in result.autodiscover.result.all_protocols %}
                                    {% if p.name == "IMAP" %}
                                        {% if p.SSL == True %}
                                            <listitem>
                                                {{ p.hostname }}:{{ p.port }}
                                            </listitem>
                                        {% endif %}
                                    {% endif %}
                                {% endfor %}
                            </itemizedlist>
                        </para>
                    {% endif %}
                {% else %}
                    <para>
                        <emphasis role="bold">Nicht konform:</emphasis>
                        {% if not result.autodiscover.result.valid_xml %}
                            Keine gültige Autodiscover XML-Konfiguration ermittelt.
                        {% endif %}

                        {% for p in result.autodiscover.result.errors.protocols_without_ssl %}
                            {% if p.name == "IMAP" %}
                                {% if p.SSL == False %}
                                    Der folgende IMAP-Server ist nicht durch TLS gesichert:
                                    <itemizedlist bsi:ignore="list.itemcount">
                                        <listitem>
                                           {{ p.hostname }}:{{ p.port }}
                                        </listitem>
                                    </itemizedlist>
                                {% endif %}
                            {% endif %}
                        {% endfor %}

                        {% if result.autodiscover.e15.wrong|length > 0 %}
                            Folgende IMAP-Server sind in der Testkonfiguration nicht definiert
                            und daher nicht Teil der Untersuchung:
                            <itemizedlist bsi:ignore="list.itemcount">
                            {% for p in result.autodiscover.e15.wrong %}
                                <listitem>
                                    {{ p.hostname }}:{{ p.port }}
                                </listitem>
                            {% endfor %}
                            </itemizedlist>
                        {% endif %}

                        {% if result.autodiscover.e15.starttls|length > 0 %}
                            Folgende IMAP-Server unterstützen kein TLS:
                            <itemizedlist bsi:ignore="list.itemcount">
                            {% for p in result.autodiscover.e15.starttls %}
                                <listitem>
                                    {{ p.hostname }}:{{ p.port }}
                                </listitem>
                            {% endfor %}
                            </itemizedlist>
                        {% endif %}

                    </para>
                {% endif %}
            </listitem>
        </varlistentry>

        <varlistentry>
            <term>
                TR-03108-E-16
            </term>
            <listitem>
                {% if result.autodiscover.e16.result %}
                    {% if "POP3" in result.autodiscover.result.errors.missing_protocols %}
                         <para><emphasis role="bold">Konform:</emphasis> Es ist kein POP3-Server durch Autodiscover definiert.</para>
                    {% else %}
                        <para>
                            <emphasis role="bold">Konform:</emphasis> Es werden ausschließlich die folgenden POP3-Server, die alle mittels TLS kommunizieren, aufgeführt:
                            <itemizedlist bsi:ignore="list.itemcount">
                                {% for p in result.autodiscover.result.all_protocols %}
                                    {% if p.name == "POP3" %}
                                        {% if p.SSL == True %}
                                            <listitem>
                                                {{ p.hostname }}:{{ p.port }}
                                            </listitem>
                                        {% endif %}
                                    {% endif %}
                                {% endfor %}
                            </itemizedlist>
                        </para>
                    {% endif %}
    
                {% else %}
                    <para>
                        <emphasis role="bold">Nicht konform:</emphasis>
                        {% if not result.autodiscover.result.valid_xml %}
                            Keine gültige Autodiscover XML-Konfiguration ermittelt.
                        {% endif %}

                        {% for p in result.autodiscover.result.errors.protocols_without_ssl %}
                            {% if p.name == "POP3" %}
                                {% if p.SSL == False %}
                                    Der folgende POP3-Server ist nicht durch TLS gesichert:
                                    <itemizedlist bsi:ignore="list.itemcount">
                                        <listitem>
                                            {{ p.hostname }}:{{ p.port }}
                                        </listitem>
                                    </itemizedlist>
                                {% endif %}
                            {% endif %}
                        {% endfor %}

                        {% if result.autodiscover.e16.wrong|length > 0 %}
                            Folgende POP3-Server sind in der Testkonfiguration nicht definiert
                            und daher nicht Teil der Untersuchung:
                            <itemizedlist bsi:ignore="list.itemcount">
                            {% for p in result.autodiscover.e16.wrong %}
                                <listitem>
                                    {{ p.hostname }}:{{ p.port }}
                                </listitem>
                            {% endfor %}
                            </itemizedlist>
                        {% endif %}

                        {% if result.autodiscover.e16.starttls|length > 0 %}
                            Folgende POP3-Server unterstützen kein TLS:
                            <itemizedlist bsi:ignore="list.itemcount">
                            {% for p in result.autodiscover.e16.starttls %}
                                <listitem>
                                    {{ p.hostname }}:{{ p.port }}
                                </listitem>
                            {% endfor %}
                            </itemizedlist>
                        {% endif %}

                    </para>
                {% endif %}
            </listitem>
        </varlistentry>

    </variablelist>
    {% else %}
    <para>Es wurde keine Autodiscover-Analyse durchgeführt.</para>
    {% endif %}
</section>



<section xml:id="sec.autoconfig">
    <info><title>Autoconfig</title></info>

    {% if result %}
    <variablelist>
        <varlistentry>
            <term>
                TR-03108-E-17
            </term>
            <listitem>
                {% if result.autoconfig.e17 %}
                    <para>
                        <emphasis role="bold">Konform:</emphasis> Eine Autoconfig XML-Konfiguration
                        wird unter der URL {{ result.autoconfig.result.used_url }} angeboten. Der vollständige Inhalt der XML-Konfiguration ist 
                        in <xref linkend="appendix.autoconfig.xml"/> dargestellt.
                        Informationen zur Unterstützung von TLS sind in Anhang <xref linkend="appendix.autoconfig.tls.{{ result.autoconfig.result.unique_id }}"/>aufgeführt. 
                    </para>
                {% else %}
                    {% if not result.autoconfig.result.valid_xml %}
                        <para>
                            <emphasis role="bold">Nicht konform.</emphasis> Eine Autoconfig XML-Konfiguration
                            wird nicht angeboten. Folgende URL wurden für den Abruf der XML-Konfiguration
                            berücksichtigt:
                            <itemizedlist bsi:ignore="list.itemcount">
                                {% for parsed_url in result.autoconfig.result.result %}
                                    <listitem>
                                        {{ parsed_url.url }}
                                    </listitem>
                                {% endfor %}
                            </itemizedlist>
                            Über keine der URL konnte eine gültige Autoconfig XML-Konfiguration abgerufen werden.
                        </para>
                    {% else %}
                        {% if not result.autoconfig.result.used_domain_tls_scan or result.autoconfig.result.used_domain_tls_scan and not result.autoconfig.result.used_domain_tls_scan.is_conform%}
                            <para>
                                <emphasis role="bold">Nicht konform:</emphasis> Der Dienst bietet unter der URL {{ result.autoconfig.result.used_url }} zwar eine Autoconfig XML-Konfiguration an, aber die TLS-Konfiguration des Webservers ist nicht konform zu <citation linkend="tr-03116"/> (siehe <xref linkend="appendix.autoconfig.tls.{{ result.autoconfig.result.unique_id }}"/> für Details).
                                Der vollständige Inhalt der XML-Konfiguration ist in <xref linkend="appendix.autoconfig.xml"/> dargestellt.
                            </para>
                        {% endif %}
                    {% endif %}
                {% endif %}
            </listitem>
        </varlistentry>

        <varlistentry>
            <term>
                TR-03108-E-18
            </term>
            <listitem>       
                    {% if result.autoconfig.e18.result %}
                        {% if "SMTP" in result.autoconfig.result.errors.missing_protocols %}
                             <para><emphasis role="bold">Konform:</emphasis> Es ist kein SMTP-Server durch Autoconfig definiert.</para>
                        {% else %}
                            <para>
                                <emphasis role="bold">Konform:</emphasis> Es werden ausschließlich die folgenden SMTP-Server, die alle mittels TLS kommunizieren, aufgeführt:
                                <itemizedlist bsi:ignore="list.itemcount">
                                    {% for p in result.autoconfig.result.all_protocols %}
                                        {% if p.name == "SMTP" %}
                                            {% if p.SSL == True %}
                                                <listitem>
                                                    {{ p.hostname }}:{{ p.port }}
                                                </listitem>
                                            {% endif %}
                                        {% endif %}
                                    {% endfor %}
                                </itemizedlist>
                            </para>
                        {% endif %}

                    {% else %}
                        <para>
                            <emphasis role="bold">Nicht konform:</emphasis>
                            {% if not result.autoconfig.result.valid_xml %}
                                Keine gültige Autoconfig XML-Konfiguration ermittelt.
                            {% endif %}
                            
                            {% for p in result.autoconfig.result.errors.protocols_without_ssl %}
                                {% if p.name == "SMTP" %}
                                    {% if p.SSL == False %}
                                        Der folgende SMTP-Server ist nicht durch TLS gesichert:
                                        <itemizedlist bsi:ignore="list.itemcount">
                                            <listitem>
                                                {{ p.hostname }}:{{ p.port }}
                                            </listitem>
                                        </itemizedlist>
                                    {% endif %}
                                {% endif %}
                            {% endfor %}

                            {% if result.autoconfig.e18.wrong|length > 0 %}
                                Folgende SMTP-Server sind in der Testkonfiguration nicht definiert
                                und daher nicht Teil der Untersuchung:
                                <itemizedlist bsi:ignore="list.itemcount">
                                {% for p in result.autoconfig.e18.wrong %}
                                    <listitem>
                                        {{ p.hostname }}:{{ p.port }}
                                    </listitem>
                                {% endfor %}
                                </itemizedlist>
                            {% endif %}

                            {% if result.autoconfig.e18.starttls|length > 0 %}
                                Folgende SMTP-Server unterstützen kein TLS:
                                <itemizedlist bsi:ignore="list.itemcount">
                                {% for p in result.autoconfig.e18.starttls %}
                                    <listitem>
                                        {{ p.hostname }}:{{ p.port }}
                                    </listitem>
                                {% endfor %}
                                </itemizedlist>
                            {% endif %}

                        </para>
                    {% endif %}
            </listitem>
        </varlistentry>

        <varlistentry>
            <term>
                TR-03108-E-19
            </term>
            <listitem>    
                {% if result.autoconfig.e19.result %}
                    {% if "IMAP" in result.autoconfig.result.errors.missing_protocols %}
                         <para><emphasis role="bold">Konform:</emphasis> Es ist kein IMAP-Server durch Autoconfig definiert.</para>
                    {% else %}
                        <para>
                            <emphasis role="bold">Konform:</emphasis> Es werden ausschließlich die folgenden IMAP-Server, die alle mittels TLS kommunizieren, aufgeführt:
                            <itemizedlist bsi:ignore="list.itemcount">
                                    {% for p in result.autoconfig.result.all_protocols %}
                                        {% if p.name == "IMAP" %}
                                            {% if p.SSL == True %}
                                                <listitem>
                                                    {{ p.hostname }}:{{ p.port }}
                                                </listitem>
                                            {% endif %}
                                        {% endif %}
                                    {% endfor %}
                            </itemizedlist>
                        </para>
                    {% endif %}
                {% else %}
                    <para>
                        <emphasis role="bold">Nicht konform:</emphasis>
                        {% if not result.autoconfig.result.valid_xml %}
                            Keine gültige Autoconfig XML-Konfiguration ermittelt.
                        {% endif %}

                        {% for p in result.autoconfig.result.errors.protocols_without_ssl %}
                            {% if p.name == "IMAP" %}
                                {% if p.SSL == False %}
                                    Der folgende IMAP-Server ist nicht durch TLS gesichert:
                                    <itemizedlist bsi:ignore="list.itemcount">
                                        <listitem>
                                            {{ p.hostname }}:{{ p.port }}
                                        </listitem>
                                    </itemizedlist>
                                {% endif %}
                            {% endif %}
                        {% endfor %}

                        {% if result.autoconfig.e19.wrong|length > 0 %}
                            Folgende IMAP-Server sind in der Testkonfiguration nicht definiert
                            und daher nicht Teil der Untersuchung:
                            <itemizedlist bsi:ignore="list.itemcount">
                            {% for p in result.autoconfig.e19.wrong %}
                                <listitem>
                                    {{ p.hostname }}:{{ p.port }}
                                </listitem>
                            {% endfor %}
                            </itemizedlist>
                        {% endif %}

                        {% if result.autoconfig.e19.starttls|length > 0 %}
                            Folgende IMAP-Server unterstützen kein TLS:
                            <itemizedlist bsi:ignore="list.itemcount">
                            {% for p in result.autoconfig.e19.starttls %}
                                <listitem>
                                    {{ p.hostname }}:{{ p.port }}
                                </listitem>
                            {% endfor %}
                            </itemizedlist>
                        {% endif %}

                    </para>
                {% endif %}
            </listitem>
        </varlistentry>

        <varlistentry>
            <term>
                TR-03108-E-20
            </term>
            <listitem>
                {% if result.autoconfig.e20.result %}
                    {% if "POP3" in result.autoconfig.result.errors.missing_protocols %}
                         <para><emphasis role="bold">Konform:</emphasis> Es ist kein POP3-Server durch Autoconfig definiert.</para>
                    {% else %}
                        <para>
                            <emphasis role="bold">Konform:</emphasis> Es werden ausschließlich die folgenden POP3-Server, die alle mittels TLS kommunizieren, aufgeführt:
                            <itemizedlist bsi:ignore="list.itemcount">
                                {% for p in result.autoconfig.result.all_protocols %}
                                    {% if p.name == "POP3" %}
                                        {% if p.SSL == True %}
                                            <listitem>
                                                {{ p.hostname }}:{{ p.port }}
                                            </listitem>
                                        {% endif %}
                                    {% endif %}
                                {% endfor %}
                            </itemizedlist>
                        </para>
                    {% endif %}
                {% else %}
                    <para>
                        <emphasis role="bold">Nicht konform:</emphasis>
                        {% if not result.autoconfig.result.valid_xml %}
                            Keine gültige Autoconfig XML-Konfiguration ermittelt.
                        {% endif %}

                        {% for p in result.autoconfig.result.errors.protocols_without_ssl %}
                            {% if p.name == "POP3" %}
                                {% if p.SSL == False %}
                                    Der folgende POP3-Server ist nicht durch TLS gesichert:
                                    <itemizedlist bsi:ignore="list.itemcount">
                                        <listitem>
                                            {{ p.hostname }}:{{ p.port }}
                                        </listitem>
                                    </itemizedlist>
                                {% endif %}
                            {% endif %}
                        {% endfor %}

                        {% if result.autoconfig.e20.wrong|length > 0 %}
                            Folgende POP3-Server sind in der Testkonfiguration nicht definiert
                            und daher nicht Teil der Untersuchung:
                            <itemizedlist bsi:ignore="list.itemcount">
                            {% for p in result.autoconfig.e20.wrong %}
                                <listitem>
                                    {{ p.hostname }}:{{ p.port }}
                                </listitem>
                            {% endfor %}
                            </itemizedlist>
                        {% endif %}

                        {% if result.autoconfig.e20.starttls|length > 0 %}
                            Folgende POP3-Server unterstützen kein TLS:
                            <itemizedlist bsi:ignore="list.itemcount">
                            {% for p in result.autoconfig.e20.starttls %}
                                <listitem>
                                    {{ p.hostname }}:{{ p.port }}
                                </listitem>
                            {% endfor %}
                            </itemizedlist>
                        {% endif %}

                    </para>
                {% endif %}
            </listitem>
        </varlistentry>
       
    </variablelist>
    {% else %}
    <para>Es wurde keine Autoconfig-Analyse durchgeführt.</para>
    {% endif %}
</section>

<section xml:id="sec.srvrecords">
    <info><title>SRV Records</title></info>

    {% if result %}
    <variablelist>
        <varlistentry>
            <term>
                TR-03108-E-21
            </term>
            <listitem>    
                {% if result.e21 %}
                    <para>
                        {% if result.e21_srv|length > 0 %}
                            <emphasis role="bold">Konform:</emphasis> Die SMTP DNS SRV Records definieren SMTP-Server nur unter Verwendung von TLS:
                            <itemizedlist bsi:ignore="list.itemcount">
                                {% for srv in result.e21_srv %}
                                    <listitem>
                                        {{ srv[0] }}:{{ srv[1] }}
                                    </listitem>
                                {% endfor %}
                            </itemizedlist>
                        {% else %}
                            <emphasis role="bold">Konform:</emphasis> Es sind keine SMTP DNS SRV Records definiert.
                        {% endif %}
                    </para>
                {% else %}
                    <para>
                        <emphasis role="bold">Nicht konform:</emphasis>
                        Die SMTP DNS SRV Records sind nicht korrekt gesetzt. Folgende Abweichungen sind aufgetreten:
                        {% if result.e21_srv|length == 0 %}
                             <para>Es sind keine SMTP DNS SRV Records definiert.</para>
                        {% else %}
                            <itemizedlist bsi:ignore="list.itemcount">
                            {% for e in result.e21_err %}
                                <listitem>
                                    {{ e }}
                                </listitem>
                            {% endfor %}
                            </itemizedlist>
                        {% endif %}
                    </para>
                {% endif %}
                
            </listitem>
        </varlistentry>
        <varlistentry>
            <term>
                TR-03108-E-22
            </term>
            <listitem>
                {% if result.e22 %}
                    <para>
                        {% if result.e22_srv|length > 0 %}
                            <emphasis role="bold">Konform:</emphasis> Die IMAP DNS SRV Records definieren IMAP-Server nur unter Verwendung von TLS:
                            <itemizedlist bsi:ignore="list.itemcount">
                                {% for srv in result.e22_srv %}
                                    <listitem>
                                        {{ srv[0] }}:{{ srv[1] }}
                                    </listitem>
                                {% endfor %}
                            </itemizedlist>
                        {% else %}
                            <emphasis role="bold">Konform:</emphasis> Es sind keine IMAP DNS SRV Records definiert.
                        {% endif %}
                    </para>
                {% else %}
                    <para>
                        <emphasis role="bold">Nicht konform:</emphasis>
                        Die IMAP DNS SRV Records sind nicht korrekt gesetzt. Folgende Abweichungen sind aufgetreten:
                        {% if result.e22_srv|length == 0 %}
                            <para>Es sind keine IMAP DNS SRV Records definiert.</para>
                        {% else %}
                            <itemizedlist bsi:ignore="list.itemcount">
                            {% for e in result.e22_err %}
                                <listitem>
                                    {{ e }}
                                </listitem>
                            {% endfor %}
                            </itemizedlist>
                        {% endif %}
                    </para>
                {% endif %}
            </listitem>
        </varlistentry>
        <varlistentry>
            <term>
                TR-03108-E-23
            </term>
            <listitem>
                {% if result.e23 %}
                    <para>
                        {% if result.e23_srv|length > 0 %}
                            <emphasis role="bold">Konform:</emphasis> Die POP3 DNS SRV Records definieren POP3-Server nur unter Verwendung von TLS:
                            <itemizedlist bsi:ignore="list.itemcount">
                                {% for srv in result.e23_srv %}
                                    <listitem>
                                        {{ srv[0] }}:{{ srv[1] }}
                                    </listitem>
                                {% endfor %}
                            </itemizedlist>
                        {% else %}
                            <emphasis role="bold">Konform:</emphasis> Es sind keine POP3 DNS SRV Records definiert.
                        {% endif %}
                    </para>
                {% else %}
                    <para>
                        <emphasis role="bold">Nicht konform:</emphasis>
                        Die POP3 DNS SRV Records sind nicht korrekt gesetzt. Folgende Abweichungen sind aufgetreten:
                        {% if result.e23_srv|length == 0 %}
                            <para>Es sind keine POP3 DNS SRV Records definiert.</para>
                        {% else %}
                            <itemizedlist bsi:ignore="list.itemcount">
                            {% for e in result.e23_err %}
                                <listitem>
                                    {{ e }}
                                </listitem>
                            {% endfor %}
                            </itemizedlist>
                        {% endif %}
                    </para>
                {% endif %}
            </listitem>
        </varlistentry>
    </variablelist>
    {% else %}
    <para>Es wurde keine SRV-Record-Analyse durchgeführt.</para>
    {% endif %}
</section>

</chapter>
