{%- macro tsla_table(tsla, i, host, port) -%}
{% set service = host + ":" + port|string %}
<table xml:id="table.tsla.{{host}}-{{port}}-{{ i }}">
    <caption>Auswertung des {{i}}. TSLA Records für den Dienst {{ service }}</caption>
    <colgroup>
        <col width="40%"/>
        <col width="60%"/>
    </colgroup>
    <thead>
        <tr>
            <th>Name</th>
            <th>Wert</th>
        </tr>
    </thead>
    <tbody>   
        {% if "name" in tsla %}
        <tr>
            <td>TSLA Record</td>
            <td>{{ tsla["name"] }}</td>
        </tr> 
        {% endif %}
        {% if "rdata" in tsla %}
        <tr>
            <td>Certificate Usage</td>
            <td>{{ tsla_certificate_usage(tsla["rdata"]["certificateUsage"]) }} ({{tsla["rdata"]["certificateUsage"]}})</td>
        </tr>
        {% endif %}
        {% if "rdata" in tsla %}
        <tr>
            <td>Selector</td>
            <td>{{ tsla_selectors(tsla["rdata"]["selector"]) }} ({{tsla["rdata"]["selector"]}})</td>
        </tr>
        {% endif %}
        {% if "rdata" in tsla %}
        <tr>
            <td>Matching Type</td>
            <td>{{ tsla_matching_types(tsla["rdata"]["matchingType"]) }} ({{tsla["rdata"]["matchingType"]}})</td>
        </tr>
        {% endif %}
        {% if "rdata" in tsla %}
        <tr>
            <td>Certificate Association Data</td>
            <td>{{ tsla["rdata"]["certificateAssociationData"] }}</td>
        </tr>
        {% endif %}
        {% if "certificate" in tsla %}
        <tr>
            <td>X509 certificate of service</td>
            <td><xref linkend="appendix.tsla.{{host}}-{{port}}"/></td>
        </tr>
        {% endif %}
        {% if "result" in tsla %}
        <tr>
            <td>Information</td>
            <td>{{ tsla["result"]["info"] }}</td>
        </tr>
        {% endif %}
        {% if "result" in tsla %}
        <tr>
            <td>Konform</td>
            <td>{{ "ja" if tsla["result"]["verification"] else "nein" }}</td>
        </tr>
        {% endif %}
    </tbody>
</table>
{% endmacro %}

{%- macro tsla_certificate_usage(usage) -%}
    {% 
        set usage_strs = {
            0: "CA constraint",
            1: "Service certificate constraint",
            2: "Trust anchor assertion",
            3: "Domain-issued certificate",
            255: "Private use"
        }
    %}
    {{usage_strs.get(usage, "Unassigned")}} 
{% endmacro %}

{%- macro tsla_selectors(selector) -%}
    {% 
        set selector_strs = {
            0: "Full certificate",
            1: "SubjectPublicKeyInfo",
            255: "Private use"
        }
    %}
    {{selector_strs.get(selector, "Unassigned")}} 
{% endmacro %}

{%- macro tsla_matching_types(type) -%}
    {% 
        set type_strs = {
            0: "No hash used",
            1: "SHA-256",
            2: "SHA-512",
            255: "Private use"
        }
    %}
    {{type_strs.get(type, "Unassigned")}} 
{% endmacro %}

{%- macro cert_appendix(cert) -%}
    <programlisting>
        <![CDATA[ 
            {{ cert }}
        ]]>
    </programlisting>
{%- endmacro -%}
