<?xml version="1.0" encoding="UTF-8"?>
{% import 'dnssec-lib.xml' as dnssec_funcs %}
{% import 'dane-lib.xml' as dane_funcs %}
{% import 'mail-lib.xml' as mail_funcs %}
<chapter xmlns="http://docbook.org/ns/docbook" xmlns:xi="http://www.w3.org/2001/XInclude"
    xmlns:bsi="http://bsi.bund.de/ns/docbook" xmlns:xlink="http://www.w3.org/1999/xlink"
    xmlns:math="http://forge.scilab.org/p/jlatexmath" version="5.0-variant bsi" xml:lang="de" xml:id="sec.dane-inbound">
<info><title>DNS-based Authentication of Named Entities (DANE)</title></info>

    <section xml:id="sec.dane.inbound">
        <info><title>Unterstützung von DANE bei E-Mail-Empfang</title></info>
        <variablelist>
            
            <varlistentry>
                <term>
                    TR-03108-D-01
                </term>
                <listitem>
                    {% if results_d01|length > 0 %}
                        {% set result_d01 = results_d01[0] %}
                        <para>
                            <emphasis role="bold">{{ "Konform" if result_d01.compliant else "Nicht konform" }}: </emphasis>
                            {{ "Alle" if result_d01.compliant else "Nicht alle" }} in 
                            <xref linkend="table.dnssec.results.TR-03108-D-01"/> aufgeführten DNS-Einträge sind
                            mittels DNSSEC signiert.
                        </para>
                        {{ dnssec_funcs.dnssec_table(result_d01.results, "TR-03108-D-01") }}
                    {% else %}
                        <para>Keine Prüfung nach TR-03108-D-01 durchgeführt.</para>
                    {% endif %}
                </listitem>
            </varlistentry>

            <varlistentry>
                <term>
                    TR-03108-D-02
                </term>
                <listitem>
                {% if results_d02|length > 0 %}
                    {% set result_d02 = results_d02[0] %}

                    {% if result_d02.compliant %}
                        <para><emphasis role="bold">Konform:</emphasis> Für alle untersuchten Dienste existiert mindestens ein TLSA-Record, dessen Certificate Association Data mit dem verwendeten X509-Zertifikat des MHS übereinstimmt.</para>
                    {% else %}
                        <para><emphasis role="bold">Nicht konform:</emphasis> Für mindestens einen der untersuchten Dienste existiert kein TLSA-Record, dessen Certificate Association Data mit dem verwendeten X509-Zertifikat des MHS übereinstimmt.</para>
                    {% endif %}
                    
                    {% for result in result_d02.results %}
                        {% set service = result.host + ":" + result.port|string %}
                        <para><emphasis role="italic">Bewertung des Dienstes '{{ service }}'</emphasis></para>
                        {% if result.compliant %}
                            <para>Das X509-Zertifikat des Dienstes '{{service}}' stimmt mit mindestens einem TLSA-Record überein.:</para>
                        {% else %}
                            <para>Das X509-Zertifikat des Dienstes '{{service}}' stimmt mit keinem TLSA-Record überein:</para>
                        {% endif %}
                        
                        {% for tsla in result.data %}
                            {{ dane_funcs.tsla_table(tsla, loop.index, result.host, result.port) }}
                        {% endfor %}
                    {% endfor %}

                {% else %}
                    <para>Keine Prüfung nach TR-03108-D-02 durchgeführt.</para>
                {% endif %}
                </listitem>
            </varlistentry>
        </variablelist>
    </section>

    <section xml:id="sec.dane.outbound">
        <info><title>Nutzung von DANE beim E-Mail-Versand</title></info>
    
        {% if results_cxx|length == 0 %}
            <para>Keine Prüfungsdaten vorhanden.</para>
        {% endif %}
    
        {% for result in results_cxx %}
        <variablelist>
            <varlistentry>
                <term>
                    {{result.test_name}}
                </term>
                <listitem>
                    <para>
                    {% if result.compliant %}
                        <emphasis role="bold">Konform: </emphasis> {{ mail_funcs.compliant_desc(result.test_name, result.zone) }} 
                    {% else %}
                        {% if result.mail_received and not result.mail.starttls %}
                            <emphasis role="bold">Nicht konform: </emphasis> Die E-Mail wurde nicht per STARTTLS übertragen.
                        {% else %}
                            <emphasis role="bold">Nicht konform: </emphasis> {{ mail_funcs.not_compliant_desc(result.test_name, result.zone) }}
                        {% endif %}
                    {% endif %}
                    </para>
                    {% if result.mail_received %}
                        {{ mail_funcs.mail_table(result.test_id, result.mail) }}     
                    {% endif %}
                </listitem>
            </varlistentry>
        </variablelist>
        {% endfor %}
    </section>

</chapter>
