<?xml version="1.0" encoding="UTF-8"?>
{% import 'dnssec-lib.xml' as dnssec_funcs %}
{% import 'dane-lib.xml' as dane_funcs %}
{% import 'mail-lib.xml' as mail_funcs %}
<appendix xml:id="appendix.dane" xmlns="http://docbook.org/ns/docbook"
    xmlns:bsi="http://bsi.bund.de/ns/docbook" xmlns:xlink="http://www.w3.org/1999/xlink"
    xmlns:math="http://forge.scilab.org/p/jlatexmath" version="5.0-variant bsi" xml:lang="de">
<info><title>DNS-based Authentication of Named Entities (DANE)</title></info>

<section>
    <info><title>DNSSEC und TSLA Prüfung für DANE Inbound</title></info>

    {% if results_d01|length > 0 %}
        {% set result_d01 = results_d01[0] %}

        {% if result_d01.results|length == 0 %}
            <para>Keine DANE Validierung durchgeführt.</para>
        {% endif %}

        {% for result in result_d01.results %}
            <section xml:id="appendix.dnssec.{{ dnssec_funcs.dnssec_image_id(result, 'TR-03108-D-01')}}">
                <info><title>DNSSEC Validierung für {{result.domain}} ({{result.rdtype}})</title></info>
                {{ dnssec_funcs.dnssec_image(result, "TR-03108-D-01", tmpfs) }}
            </section>
        {% endfor %}
    {% else %}
        <para>Keine Prüfung nach TR-03108-D-01 durchgeführt.</para>
    {% endif %}

    {% if results_d02|length > 0 %}
        {% set result_d02 = results_d02[0] %}

        {% if result_d02.results|length == 0 %}
            <para>Keine X509-Zertifikats-Kette überprüft.</para>
        {% endif %}

        {% for result in result_d02.results %}
            <section xml:id="appendix.tsla.{{result.host}}-{{result.port}}">
                <info><title>X509-Zertifikat des Dienstes {{result.host}}:{{result.port}}</title></info>
                {% if result.data|length > 0 and result.data[0]["certificate"]|length > 0 %}
                    {{ dane_funcs.cert_appendix(result.data[0]["certificate"]) }}
                {% else%}
                    <para>No Data.</para>
                {% endif %}
            </section>
        {% endfor %}
    {% else %}
        <para>Keine Prüfung nach TR-03108-D-02 durchgeführt.</para>
    {% endif %}
    
</section>

<section>
    <info><title>Empfangene E-Mails für DANE Outbound</title></info>

    {% set ns = namespace(prev=0) %}
    {% set ns.got_mail = False %}

    {% for result in results_cxx %}
        {% if result.mail_received %}
            {% set ns.got_mail = True %}
            <section xml:id="appendix.{{ result.test_id }}">
                <info><title>E-Mail von {{result.sender}} an {{result.recipient}} für Testfall {{result.test_name}}</title></info>
                {{ mail_funcs.mail_appendix(result.mail) }}
            </section>
        {% endif %}
    {% endfor %}

    {% if not ns.got_mail %}
        <para>Keine E-Mails empfangen.</para>
    {% endif %}
</section>
</appendix>
