{%- macro dnssec_table(dnssec_results, test_name, appendix_name="dnssec") -%}

<table xml:id="table.dnssec.results.{{ test_name }}">
    <caption>DNSSEC Prüfung für Testfall {{ test_name }}</caption>
    <colgroup>
        <col width="35%"/>
        <col width="20%"/>
        <col width="15%"/>
        <col width="30%"/>
    </colgroup>
    <thead>
        <tr>
            <th>Domain</th>
            <th>Record-Type</th>
            <th>Konform</th>
            <th>Details</th>
        </tr>
    </thead>
    <tbody>
        {% for result in dnssec_results %}
            <tr>
                    <td>{{ result.domain }}</td>
                    <td>{{ result.rdtype }}</td>
                    <td>{{ "ja" if result.compliant else "nein" }}</td>
                    <td><xref linkend="appendix.{{ appendix_name }}.{{ dnssec_image_id(result, test_name) }}"/></td>
            </tr>
            {% if result.status == "NXDOMAIN" %}
                <tr>
                    <td colspan="4">
                    <itemizedlist bsi:ignore="list.itemcount">
                        <listitem>Non-existent Internet Domain Names Definition (NXDOMAIN)</listitem>
                    </itemizedlist>
                    </td>
                </tr>
            {% endif %}
            {% if result.issues|length > 0 and "is_error" in result.issues  %}
                <tr>
                    <td colspan="4">
                    <itemizedlist bsi:ignore="list.itemcount">
                    {% for issue in result.issues %}
                        <listitem>
                            {% if issue["is_error"] %}
                                {{ issue["description"] }} (DNS label: '{{ issue["label"] }})' 
                            {% endif %}
                        </listitem>
                    {% endfor %}
                    </itemizedlist>
                    </td>
                </tr>
            {% endif %}
       {% endfor %}
    </tbody>
</table>
{%- endmacro -%}

{%- macro dnssec_image_id(result, test_name) -%}
{{test_name}}-{{result.domain}}-{{result.rdtype}}
{%- endmacro -%}

{%- macro dnssec_image(result, test_name, tmpfs) -%}
<figure xml:id="figure.{{ dnssec_image_id(result, test_name) }}">
    <title>DNSSec Validierung für {{result.domain}} ({{result.rdtype}})</title>
    <mediaobject>
        <alt>DNSSec Validierung für {{result.domain}} ({{result.rdtype}})</alt>
        <imageobject>
            <imagedata scale="35" fileref="{{ tmpfs.write(result.graph) }}"/>
        </imageobject>
    </mediaobject>
</figure>
{%- endmacro -%}
