{%- macro mail_table(test_id, mail) -%}
<table xml:id="{{ test_id }}">
    <caption>E-Mail von {{mail.sender}} an {{mail.recipient}}</caption>
    <colgroup>
        <col width="25%"/>
        <col width="75%"/>
    </colgroup>
    <thead>
        <tr>
            <th>Attribut</th>
            <th>Wert</th>
        </tr>
    </thead>
    <tbody>
        <tr>
            <td>Absender</td>
            <td>{{mail.sender}}</td>
        </tr>
        <tr>
            <td>Empfänger</td>
            <td>{{mail.recipient}}</td>
        </tr>
        <tr>
            <td>Absender IP-Adresse</td>
            <td>{{mail.clientip}}</td>
        </tr>
        <tr>
            <td>StartTLS</td>
            <td>{{"ja" if mail.starttls else "nein"}}</td>
        </tr>
        <tr>
            <td>Empfangen</td>
            <td>{{mail.date}}</td>
        </tr>
        <tr>
            <td>Nachricht</td>
            <td>siehe <xref linkend="appendix.{{ test_id }}"/> </td>
        </tr>
    </tbody>
</table>
{%- endmacro -%}

{%- macro mail_appendix(email) -%}
    <programlisting><![CDATA[{{ email.message.decode("UTF-8") }} 
        ]]>
    </programlisting>
{%- endmacro -%}

{%- macro compliant_desc(testname, zone) -%}
    {% set desc = 
        {
            "TR-03108-B-01-T": "Es wurde eine E-Mail an die Zone "+ zone +" zugestellt.",
            "TR-03108-B-02":   "Es wurde keine E-Mail an die Zone "+ zone +" zugestellt.",
            "TR-03108-B-03":   "Es wurde keine E-Mail an die Zone "+ zone +" zugestellt.",

            "TR-03108-C-01-T": "Es wurde eine E-Mail an die Zone "+ zone +" zugestellt.",
            "TR-03108-C-02":   "Es wurde keine E-Mail an die Zone "+ zone +" zugestellt.",
            "TR-03108-C-03":   "Es wurde keine E-Mail an die Zone "+ zone +" zugestellt.",
            "TR-03108-C-04-T": "Es wurde eine E-Mail an die Zone "+ zone +" zugestellt.",
            "TR-03108-C-05":   "Es wurde keine E-Mail an die Zone "+ zone +" zugestellt.",
            "TR-03108-C-06":   "Es wurde keine E-Mail an die Zone "+ zone +" zugestellt.",
            "TR-03108-C-07":   "Es wurde eine E-Mail an die Zone "+ zone +" zugestellt.",
            "TR-03108-C-08":   "Es wurde keine E-Mail an die Zone "+ zone +" zugestellt.",
            "TR-03108-C-09":   "Es wurde keine E-Mail an die Zone "+ zone +" zugestellt.",
        } 
    %}

    {{ desc[testname] }}

{%- endmacro -%}

{%- macro not_compliant_desc(testname, zone) -%}
    {% set desc = 
        {
            "TR-03108-B-01-T": "Es wurde keine E-Mail an die Zone "+ zone +" zugestellt, obwohl diese fehlerfrei konfiguriert ist.",
            "TR-03108-B-02": "Es wurde eine E-Mail an die Zone "+ zone +" zugestellt, obwohl die Signatur des Eintrags DNSKEY fehlerhaft ist.",
            "TR-03108-B-03": "Es wurde eine E-Mail an die Zone "+ zone +" zugestellt, obwohl die Signatur des Eintrags DNSKEY nicht mehr gültig ist.",

            "TR-03108-C-01-T": "Es wurde keine E-Mail an die Zone "+ zone +" zugestellt, obwohl diese fehlerfrei konfiguriert ist.",
            "TR-03108-C-02": "Es wurde eine E-Mail an die Zone "+ zone +" zugestellt, obwohl die Signatur des Eintrags DNSKEY fehlerhaft ist.",
            "TR-03108-C-03": "Es wurde eine E-Mail an die Zone "+ zone +" zugestellt, obwohl die Signatur des Eintrags DNSKEY nicht mehr gültig ist.",
            "TR-03108-C-04-T": "Es wurde keine E-Mail an die Zone "+ zone +" zugestellt, obwohl diese fehlerfrei konfiguriert ist.",
            "TR-03108-C-05": "Es wurde eine E-Mail an die Zone "+ zone +" zugestellt, obwohl die Signatur des Eintrags TLSA fehlerhaft ist.",
            "TR-03108-C-06": "Es wurde eine E-Mail an die Zone "+ zone +" zugestellt, obwohl die Signatur des Eintrags TLSA abgelaufen ist.",
            "TR-03108-C-07": "Es wurde keine E-Mail an die Zone "+ zone +" zugestellt, obwohl der Eintrag TLSA mit dem Zertifikat korrespondiert.",
            "TR-03108-C-08": "Es wurde eine E-Mail an die Zone "+ zone +" zugestellt, obwohl das Zertifikat der verwendeten CA nicht mit dem Eintrag TLSA übereinstimmt.",
            "TR-03108-C-09": "Es wurde eine E-Mail an die Zone "+ zone +" zugestellt, obwohl das Selector Field des Eintrags TLSA nicht mit dem Certificate Association Data Field korrespondiert.",
     
        } 
    %}

    {{ desc[testname] }}

{%- endmacro -%}

