<?xml version="1.0" encoding="UTF-8"?>

{% import 'tls-lib.xml' as tls_funcs %}
<chapter xmlns="http://docbook.org/ns/docbook" xmlns:xi="http://www.w3.org/2001/XInclude"
xmlns:bsi="http://bsi.bund.de/ns/docbook" xmlns:xlink="http://www.w3.org/1999/xlink"
xmlns:math="http://forge.scilab.org/p/jlatexmath" version="5.0-variant bsi" xml:lang="de" xml:id="sec.mtasts">
<info><title>SMTP MTA Strict Transport Security (MTA-STS)</title></info>

<section xml:id="sec.mtasts.inbound">
    <info><title>Unterstützung von MTA-STS beim Empfang von E-Mails</title></info>
{% if results %}
{% for result in results %}
{% if results|length > 1 %}
<section>
    <info><title>Domain {{ result.domain }}</title></info>
{% endif %}

    <variablelist>
        <varlistentry>
            <term>
                TR-03108-I-01
            </term>
            <listitem>
                {% if result.module_i.i01 %}
                <para><emphasis role="bold">Konform:</emphasis> Das MHS hat mindestens einen gültigen MTA-STS TXT Record.</para>
                <programlisting>
{%- for record in result.module_i.valid_records -%}
{{ record.text }}
{% endfor -%}
                </programlisting>
                {% else %}
                <para><emphasis role="bold">Nicht konform:</emphasis> Das MHS hat keinen gültigen MTA-STS TXT Record veröffentlicht.</para>

                {% if result.module_i.invalid_records|length > 0 %}
                <programlisting>
                    {% for record in result.module_i.invalid_records %}
                    {{ record }}
                    {% endfor %}
                </programlisting>
                {% endif %}
                {% endif %}
            </listitem>
        </varlistentry>
        <varlistentry>
            <term>
                TR-03108-I-02
            </term>
            <listitem>
                {% if result.module_i.i02 %}
                    <para><emphasis role="bold">Konform:</emphasis> Das MHS bietet eine gültige MTA-STS Policy über eine sichere Verbindung zum Download an.</para>
                {% else %}
                    <para><emphasis role="bold">Nicht konform:</emphasis> Es konnte keine MTA-STS Policy über eine sichere Verbindung heruntergeladen werden.</para>
                {% endif %}
                {% if result.module_i.tls_analysis or (result.module_i.policy_evaluation and result.module_i.policy_evaluation.policy|length > 0) %}
                    <table xml:id="table.mtasts.i02.{{ result.domain }}">
                        <caption>MTA-STS Policy von {{ result.domain }}</caption>
                        <colgroup>
                            <col width="50%"/>
                            <col width="50%"/>
                        </colgroup>
                        <thead>
                            <tr>
                                <th>Eigenschaft</th>
                                <th>Ergebnis</th>
                            </tr>
                        </thead>
                        <tbody>
                            <tr>
                                <td>TLS</td>
                                <td>{% if result.module_i.tls_analysis %}
                                        {% if result.module_i.tls_analysis.is_conform %}Konform.{% else %}Nicht konform.{% endif %} Siehe Anhang <xref linkend="appendix.mtasts.tls-{{ result.unique_id }}"/>
                                    {% else %}
                                        n. A.
                                    {% endif %}
                                </td>
                            </tr>
                            <tr>
                                <td>Policy</td>
                                <td>
                                    {%- if result.module_i.policy_evaluation %}
                                    <programlisting>{{ result.module_i.policy_evaluation.policy }}</programlisting>
                                    {%- endif %}
                                </td>
                            </tr>
                        </tbody>
                    </table>
                {% endif %}
            </listitem>
        </varlistentry>
        <varlistentry>
            <term>
                TR-03108-I-03
            </term>
            <listitem>
                {% if result.module_i.i03 %}
                <para><emphasis role="bold">Konform:</emphasis> Die MTA-STS Policy nutzt den Modus "Enforce".</para>
                {% elif result.module_i.policy_evaluation.mode %}
                <para><emphasis role="bold">Nicht konform:</emphasis> Mindestens einer der Parameter der MTA-STS Policy entspricht nicht den Anforderungen.</para>
                {% else %}
                <para><emphasis role="bold">Nicht konform:</emphasis> Es ist entweder keine MTA-STS Policy vorhanden, oder der <emphasis>mode</emphasis> ist nicht festgelegt.</para>
                {% endif %}
                {% if result.module_i.policy_evaluation and result.module_i.policy_evaluation.policy|length > 0 %}
                    <table xml:id="table.mtasts.i03.{{ result.domain }}">
                        <caption>Auswertung der MTA-STS Policy von {{ result.domain }}</caption>
                        <colgroup>
                            <col width="50%"/>
                            <col width="50%"/>
                        </colgroup>
                        <thead>
                            <tr>
                                <th>Eigenschaft</th>
                                <th>Ergebnis</th>
                            </tr>
                        </thead>
                        <tbody>
                            <tr>
                                <td>Version</td>
                                <td>{{ "Konform" if  result.module_i.policy_evaluation.version_ok else "Nicht konform" }}</td>
                            </tr>
                            <tr>
                                <td>Modus</td>
                                <td>{{ "Konform" if result.module_i.policy_evaluation.mode_ok else "Nicht konform" }}</td>
                            </tr>
                            <tr>
                                <td>Max Age</td>
                                <td>{{ "Konform" if  result.module_i.policy_evaluation.max_age_ok else "Nicht konform, max_age muss mindestens 1209600 betragen" }}</td>
                            </tr>
                            <tr>
                                <td>In der Konfiguration gelistete Mailserver, die nicht in der MTA-STS Policy gelistet sind</td>
                                <td>
                                    {% if  result.module_i.policy_evaluation.missing_mxs|length == 0 %}
                                    Konform, keine
                                    {% else %}
                                    Nicht konform.

                                    <itemizedlist bsi:ignore="list.itemcount">
                                        {% for mx in result.module_i.policy_evaluation.missing_mxs %}
                                        <listitem>{{ mx }}</listitem>
                                        {% endfor %}
                                    </itemizedlist>
                                    {% endif %}
                                </td>
                            </tr>
                        </tbody>
                    </table>
                {% endif %}
            </listitem>
        </varlistentry>
    </variablelist>

{% if results|length > 1 %}
</section> <!-- Domain Section -->
{% endif %}
{% endfor %}
{% else %}
<para>Eine MTA-STS-Analyse wurde nicht durchgeführt.</para>
{% endif %}

</section>

<section xml:id="sec.mtasts.outbound">
    <info><title>Beachtung von MTA-STS beim Versand von E-Mails</title></info>
{% if results %}
{% set result = results[0] %}
    <variablelist>
        <varlistentry>
            <term>
                TR-03108-J-01
            </term>
            <listitem>
                {% if result.module_j.j01 %}
                <para><emphasis role="bold">Konform:</emphasis> Das MHS versendet E-Mails ordnungsgemäß an Systeme, die MTA-STS anbieten.</para>
                {% else %}
                <para><emphasis role="bold">Nicht konform:</emphasis> Das MHS versendet keine E-Mails an Systeme, auf denen MTA-STS angeboten wird.</para>
                {% endif %}
                {% if result.module_j.j01_mails %}
                <itemizedlist bsi:ignore="list.itemcount">
                {% for mail in result.module_j.j01_mails %}
                    <listitem>
                        <para>
                            E-Mail von {{mail.sender}} an {{mail.recipient}} <xref linkend="appendix.mtasts.mail-{{ mail.internal_id }}"/>
                        </para>
                    </listitem>
                {% endfor %}
                </itemizedlist>
                {% endif %}
            </listitem>
        </varlistentry>
        <varlistentry>
            <term>
                TR-03108-J-02
            </term>
            <listitem>
                {% if result.module_j.j02 %}
                <para><emphasis role="bold">Konform:</emphasis> Das MHS verweigert die E-Mail-Zustellung an ein System, das MTA-STS anbietet, wenn das System ein abgelaufenes X.509-Zertifikat nutzt.</para>
                {% else %}
                <para><emphasis role="bold">Nicht konform:</emphasis> Das MHS versendet E-Mails an Systeme, die MTA-STS anbieten, auch wenn sie ein abgelaufenes X.509-Zertifikat nutzen.</para>
                {% endif %}
                {% if result.module_j.j02_mails %}
                <itemizedlist bsi:ignore="list.itemcount">
                {% for mail in result.module_j.j02_mails %}
                    <listitem>
                        <para>
                            E-Mail von {{mail.sender}} an {{mail.recipient}} <xref linkend="appendix.mtasts.mail-{{ mail.internal_id }}"/>
                        </para>
                    </listitem>
                {% endfor %}
                </itemizedlist>
                {% endif %}
            </listitem>
        </varlistentry>
        <varlistentry>
            <term>
                TR-03108-J-03
            </term>
            <listitem>
                {% if result.module_j.j03 %}
                <para><emphasis role="bold">Konform:</emphasis> Das MHS verweigert die E-Mail-Zustellung an ein System, das MTA-STS anbietet, wenn das System ein nicht vertrauenswürdiges X.509-Zertifikat nutzt.</para>
                {% else %}
                <para><emphasis role="bold">Nicht konform:</emphasis> Das MHS versendet E-Mails an Systeme, die MTA-STS anbieten, auch wenn sie kein vertrauenswürdiges Zertifikat nutzen.</para>
                {% endif %}
                {% if result.module_j.j03_mails %}
                <itemizedlist bsi:ignore="list.itemcount">
                {% for mail in result.module_j.j03_mails %}
                    <listitem>
                        <para>
                            E-Mail von {{mail.sender}} an {{mail.recipient}} <xref linkend="appendix.mtasts.mail-{{ mail.internal_id }}"/>
                        </para>
                    </listitem>
                {% endfor %}
                </itemizedlist>
                {% endif %}
            </listitem>
        </varlistentry>
        <varlistentry>
            <term>
                TR-03108-J-04
            </term>
            <listitem>
                {% if result.module_j.j04 %}
                <para><emphasis role="bold">Konform:</emphasis> Das MHS verweigert die E-Mail-Zustellung an ein System, das MTA-STS anbietet, wenn das System ein X.509-Zertifikat nutzt, dessen Subject Alterntaive Name (SAN) nicht zum Hostnamen des Mailservers passt.</para>
                {% else %}
                <para><emphasis role="bold">Nicht konform:</emphasis> Das MHS versendet E-Mails an Systeme, die MTA-STS anbieten, auch wenn sie X.509-Zertifikate nutzen, deren Subject Alternative Names (SAN) nicht zu den Hostnamen der Mailserver passen.</para>
                {% endif %}
                {% if result.module_j.j04_mails %}
                <itemizedlist bsi:ignore="list.itemcount">
                {% for mail in result.module_j.j04_mails %}
                    <listitem>
                        <para>
                            E-Mail von {{mail.sender}} an {{mail.recipient}} <xref linkend="appendix.mtasts.mail-{{ mail.internal_id }}"/>
                        </para>
                    </listitem>
                {% endfor %}
                </itemizedlist>
                {% endif %}
            </listitem>
        </varlistentry>
    </variablelist>
{% else %}
<para>Eine MTA-STS-Analyse wurde nicht durchgeführt.</para>
{% endif %}
</section> <!-- Section Outbound Tests -->
</chapter>
