<?xml version="1.0" encoding="UTF-8"?>
{% import 'tls-lib.xml' as tls_funcs %}
{% import 'mail-lib.xml' as mail_funcs %}
<appendix xml:id="appendix.mtasts" xmlns="http://docbook.org/ns/docbook"
    xmlns:bsi="http://bsi.bund.de/ns/docbook" xmlns:xlink="http://www.w3.org/1999/xlink"
    xmlns:math="http://forge.scilab.org/p/jlatexmath" version="5.0-variant bsi" xml:lang="de">
    <info><title>SMTP MTA Strict Transport Security (MTA-STS)</title></info>

    {% set ns = namespace(prev=0) %}
    {% set ns.empty = True %}
    {% for result in results %}
        {% if result.module_i.tls_analysis %}
        {% set ns.empty = False %}
        <section xml:id="appendix.mtasts.tls-{{ result.unique_id }}">
            <info><title>Analyse der TLS Verbindung zu {{result.policy_subdomain }}</title></info> 
            {% if result.module_i.tls_analysis %}
            {% set title = "Bewertung für den TLS Dienst " + result.policy_subdomain  %}
                {{ tls_funcs.tls_section(title, result.policy_subdomain, result.module_i.tls_analysis) }}
            {% endif %}
            {% if result.module_i.tls_analysis %}
                {% set title = "Detaillierte TLS Analyse für den Dienst " + result.policy_subdomain  %}
                {{ tls_funcs.tls_appendix(title, result.policy_subdomain, result.module_i.tls_analysis) }}
            {% endif %}
        </section>
        {% endif %}
        {% for mail in result.module_j.j01_mails %}
            {% set ns.empty = False %}
            <section xml:id="appendix.mtasts.mail-{{ mail.internal_id }}">
                <info><title>E-Mail von {{mail.sender}} an {{mail.recipient}}</title></info>

                {{ mail_funcs.mail_appendix(mail) }}
            </section>
        {% endfor %}
        {% for mail in result.module_j.j02_mails %}
            {% set ns.empty = False %}
            <section xml:id="appendix.mtasts.mail-{{ mail.internal_id }}">
                <info><title>E-Mail von {{mail.sender}} an {{mail.recipient}}</title></info>

                {{ mail_funcs.mail_appendix(mail) }}
            </section>
        {% endfor %}
        {% for mail in result.module_j.j03_mails %}
            {% set ns.empty = False %}
            <section xml:id="appendix.mtasts.mail-{{ mail.internal_id }}">
                <info><title>E-Mail von {{mail.sender}} an {{mail.recipient}}</title></info>

                {{ mail_funcs.mail_appendix(mail) }}
            </section>
        {% endfor %}
        {% for mail in result.module_j.j04_mails %}
            {% set ns.empty = False %}
            <section xml:id="appendix.mtasts.mail-{{ mail.internal_id }}">
                <info><title>E-Mail von {{mail.sender}} an {{mail.recipient}}</title></info>

                {{ mail_funcs.mail_appendix(mail) }}
            </section>
        {% endfor %}
    {% endfor %}

    {% if ns.empty %}
        <para>Keine Analyse von SMTP MTA Strict Transport Security (MTA-STS) durchgeführt.</para>
    {% endif %}
</appendix>
