<?xml version="1.0" encoding="UTF-8"?>
{% macro time_at(t) -%}
	{{t.strftime("%d.%m.%Y um %H:%M Uhr")}}
{% endmacro -%}

{% macro time_period(start, end) -%}
	{{start.strftime("%d.%m.%Y um %H:%M")}} bis 
	{% if start.date()==end.date() %}
		{{end.strftime("%H:%M Uhr")}}
	{% else %}
		zum {{end.strftime("%d.%m.%Y um %H:%M Uhr")}}
	{% endif %}
{% endmacro -%}


{% macro result_table(id) %}
<table xml:id="{{id}}">
    <caption>Konformitätsbewertung</caption>
    <colgroup>
        <col width="42%"/>
        <col width="16%"/>
        <col width="42%"/>
    </colgroup>
    <thead>
        <tr>
            <th>Anforderung</th>
            <th>Konformität</th>
            <th>Details</th>
        </tr>
    </thead>
    <tbody>
        {%- for m in modules %}
            {%- for requirement in modules[m].compliance %}
                <tr xmlns="http://docbook.org/ns/docbook" version="5.0-variant bsi" xml:lang="de">
                    <td><emphasis>{{ requirement.name }}</emphasis></td>
                    <td><emphasis role='bold'>{{ "konform" if requirement.compliant(analysis_results) else "nicht konform" }}</emphasis></td>
                    <td>
                    {% for section in requirement.sections %}
                        <xref linkend="{{section}}" /><?linebreak?>
                    {% endfor %}    
                    </td>
                </tr>
            {% endfor -%}
        {% endfor -%}
    </tbody>
</table>
{% endmacro %}

{% macro results(id) %}
    <para>
        Die Ergebnisse der Prüfung können wie folgt zusammengefasst werden:
        {% if mandatory_compliant and recommended_compliant %}
            Alle obligatorisch funktionalen Anforderungen werden erfüllt. 
            Der untersuchte E-Mail Service Provider <emphasis>{{ target.provider }}</emphasis> ist somit <emphasis role="bold">konform</emphasis> zur <citation linkend="tr-03108-1"/> 
        {% elif mandatory_compliant and not recommended_compliant %}
            Alle obligatorisch funktionalen Anforderungen werden erfüllt. Jedoch wird mindestes eine optionalen Anforderung nicht erfüllt. 
            Der untersuchte E-Mail Service Provider <emphasis>{{ target.provider }}</emphasis> ist somit <emphasis role="bold">nicht konform</emphasis> zur <citation linkend="tr-03108-1"/>
        {% elif not mandatory_compliant %}
            Mindestens eine obligatorische funktionalen Anforderung wird nicht erfüllt. 
            Der untersuchte E-Mail Service Provider <emphasis>{{ target.provider }}</emphasis> ist somit <emphasis role="bold">nicht konform</emphasis> zur <citation linkend="tr-03108-1"/>
        {% endif %}
    </para>

    <para>
        Die Prüfungsergebnisse sind in <xref linkend="tbl.{{id}}.results"/> zusammengefasst.
    </para>
    {{result_table("tbl."+id+".results")}}
{% endmacro %}

<book xmlns="http://docbook.org/ns/docbook" xmlns:xi="http://www.w3.org/2001/XInclude"
    xmlns:bsi="http://bsi.bund.de/ns/docbook" xmlns:xlink="http://www.w3.org/1999/xlink"
    xmlns:math="http://forge.scilab.org/p/jlatexmath" version="5.0-variant bsi" xml:lang="de">
    <info>
        <title>
            Prüfbericht
            {% if target.product %} des Produktes <emphasis>{{ target.product }}</emphasis> {% endif %}
            des E-Mail Service Providers <emphasis>{{ target.provider }}</emphasis>
            auf Basis von BSI TR-03108-1
        </title>
	<releaseinfo>{{generated_at.strftime("%d.%m.%Y, %H:%M")}}</releaseinfo>
        <address>
            <phone>+49 22899 9582-0</phone>
            <email>info@bsi.bund.de</email>
        </address>
    </info>

    <preface>
        <title>Management Summary</title>
        <para>
            Der vorliegende Prüfbericht gibt die Ergebnisse der Konformitätsprüfung
            {% if target.product %} des Produktes <emphasis>{{ target.product }}</emphasis> {% endif %}
            des E-Mail Service Providers <emphasis>{{ target.provider }}</emphasis> wieder.
            Hierbei wurde die Konformität des Dienstes zu <citation linkend="tr-03108-1"/>
            untersucht.
            Ziel ist es, sowohl Mängel als auch Verbesserungspotenziale bzgl. der IT-Sicherheit
            zu identifizieren.
        </para>
        <para>
            Betrachtet 
            
            {% if target.domains|length > 1 %}
                werden die Domänen
                {% for domain in target.domains -%}
                    {{- ", " if not loop.first and not loop.last -}}
                    {{- " und " if loop.last -}}
                    <emphasis>{{- domain -}}</emphasis>
                {%- endfor -%}
            {% else %}
                wird die Domain {{ target.domains[0] }}
            {% endif %}

            
            {% set services = flatten_list(target.services.values()) %}
            {% if services|length == 0 %}
                .
            {% elif services|length == 1 %}
                sowie der Dienst {{ services[0] }}.
            {% elif services|length > 1 %}
                sowie die Dienste 
                {% for service in services -%}
                    {{- ", " if not loop.first and not loop.last -}}
                    {{- " und " if loop.last -}}
                    <emphasis>{{- service -}}</emphasis>
                {%- endfor -%}
                .
            {% endif %}

            Die Durchführung erfolgte im Zeitraum vom {{time_period(started_at, finished_at)}}.
        </para>
            
        {{results("mgmt")}}

    </preface>

    <chapter>
        <info>
            <title>Einleitung</title>
        </info>
        <para>
        Das vorliegende Dokument führt die Ergebnisse der Konformitätsprüfung 
        {% if target.product %} des Produktes <emphasis>{{target.product}}</emphasis> {% endif %}
        des E-Mail Service Providers (EMSP) <emphasis>{{target.provider}}</emphasis> auf.
        Diese basiert auf der technischen Richlinie <citation linkend="tr-03108-1"/>.
        Die Prüfung einschließlich der Erstellung dieses Berichtes erfolgte
        automatisiert.
        </para>
        <section>
            <info><title>Motivation und Zielsetzung</title></info>
            <para>
                Die technische Richlinie <citation linkend="tr-03108-1"/> richtet sich an MHS und beschreibt
                Anforderungen, die ein standardisiertes erhöhtes Sicherheitsniveau des
                E-Mail-Dienstes gewährleisten. Die durchgeführte Konformitätsprüfung auf Basis von
                <citation linkend="tr-03108-1"/>
                dient dazu, dieses Sicherheitsniveau zu überprüfen. Darüber
                hinaus sollen Verbesserungspotenziale bzgl. der IT-Sicherheit aufgezeigt
                werden.
            </para>
            <para>
                Gemäß Abschnitt 1.2 in
                <citation linkend="tr-03108-1"/>
                kann die Prüfung Grundlage einer Zertifizierung sein. Sie kann aber auch unabhängig von
                einer Zertifizierung, beispielsweise im Kontext des
                <link xlink:href="https://www.bsi.bund.de/DE/Themen/Unternehmen-und-Organisationen/IT-Sicherheitskennzeichen/it-sicherheitskennzeichen_node.html">
                    IT-Sicherheitskennzeichens
                </link>
                zur Anwendung kommen. Um dies zu ermöglichen und den Prüfaufwand
                möglichst gering zu halten, wird hierbei bewusst auf die Notwendigkeit eines
                Implementation Conformance Statements (ICS) entsprechend Abschnitt 3 aus
                <citation linkend="tr-03108-2"/> verzichtet. Stattdessen wird ein Prüfverfahren realisiert, dass -
                ausgenommen von grundlegenden Informationen zu den Adressen der zu prüfenden
                Dienste - ohne Dokumentation durch den MHS auskommt.
            </para>
        </section>
        <section>
            <info><title>Methodik</title></info>

            <para>
                Zur Feststellung der Konformität mit <citation linkend="tr-03108-1"/> werden die funktionalen
                Anforderungen aus Abschnitt 4.1 in <citation linkend="tr-03108-1"/> überprüft.
            </para>
            <para>
                Konkret umfasst dies die Anforderungen:
                <itemizedlist>
                        <listitem><para>TR-03108-01-M: MUA to MHS Communication</para></listitem>
                        <listitem><para>TR-03108-02-M: MUA to MHS Communication Backwards Compatibility</para></listitem>
                        <listitem><para>TR-03108-03-M: MTA to MTA Inbound Transport Encryption</para></listitem>
                        <listitem><para>TR-03108-04-M: MTA to MTA Outbound Transport Encryption</para></listitem>
                        <listitem><para>TR-03108-05-M: Inbound DANE Transport Encryption</para></listitem>
                        <listitem><para>TR-03108-06-M: Outbound DANE Transport Encryption</para></listitem>
                        <listitem><para>TR-03108-07-R: Inbound MTA-STS Transport Encryption</para></listitem>
                        <listitem><para>TR-03108-08-R: Outbound MTA-STS Transport Encryption</para></listitem>
                        <listitem><para>TR-03108-09-M: Sending TLSRPT Reports</para></listitem>
                        <listitem><para>TR-03108-10-M: Receiving TLSRPT Reports</para></listitem>
                </itemizedlist>
            </para>

            <para>
                Die optionalen Anforderung <emphasis>TR-03108-11-R: Evaluating TLSRPT Reports</emphasis> und
                <emphasis>TR-03108-12-R: PKI Certificates</emphasis> werden hingegen <emphasis>nicht</emphasis> betrachtet.
                Ebenso bleiben die nicht funktionalen Anforderungen (siehe Abschnitt 4.2 in <citation linkend="tr-03108-1"/>)
                <emphasis>(TR-03108-13-M) Security Concept</emphasis>,
                <emphasis>(TR-03108-14-M) Data Protection</emphasis>,
                <emphasis>(TR-03108-15-M) Mandatory Reporting</emphasis> und
                <emphasis>(TR-03108-16-M) Transparency</emphasis>
                unberücksichtigt.
            </para>

            {%- for m in modules %}
                {%- if modules[m].methods %}
                    {%- for f in modules[m].methods  %}
                        <xi:include href="{{ f }}"/>
                    {% endfor -%}
                {% endif -%}
            {% endfor -%} 

        </section>

        <section xml:id="sec.execution">
            <info><title>Untersuchungsumfang</title></info>
            <para>
                Die Prüfung umfasst die in
                <xref linkend="tbl.scope_domain"/> und in <xref linkend="tbl.scope_service"/>
                aufgeführten Dienste und Domänen.
            </para>
                <table xml:id="tbl.scope_domain">
                    <caption>Untersuchte Domänen</caption>
                    <colgroup>
                        <col width="100%"/>
                    </colgroup>
                    <thead>
                        <tr>
                            <th>Domain</th>
                        </tr>
                    </thead>
                    <tbody>
                        {% set ns = namespace(prev=0) %}
                        {% set ns.one_row = False %} 

                        {% for domain in target.domains %}
                            {% set ns.one_row = True %}
                            <tr>
                                <td>{{domain}}</td>
                            </tr>
                        {% endfor %}

                        {% if not ns.one_row %}
                            <tr>
                                <td>Keine Domänen untersucht.</td>
                            </tr>
                        {% endif %}
                    </tbody>
            </table>

                <table xml:id="tbl.scope_service">
                        <caption>Untersuchte Dienste</caption>
                <colgroup>
                    <col width="75%"/>
                    <col width="25%"/>
                </colgroup>
                <thead>
                    <tr>
                        <th>Dienst</th>
                        <th>Protokoll</th>
                    </tr>
                </thead>
                <tbody>
                    {% set ns = namespace(prev=0) %}
                    {% set ns.one_row = False %} 

                    {% for t in target.services %}
                        {% for s in target.services[t] %}
                            {% set ns.one_row = True %}
                            <tr>
                                <td>{{s}}</td>
                                <td>{{t.upper()}}</td>
                            </tr>
                        {% endfor %}
                    {% endfor %}
                    {% if not ns.one_row %}
                        <tr>
                            <td colspan="2">Keine Dienste untersucht.</td>
                        </tr>
                    {% endif %}
                </tbody>
            </table>
            <para> Hierbei wird folgende Konfiguration angewandt:</para>
            <programlisting>{{config}}</programlisting>

            <para>
                Sollte der Name des Dienstes mittels DNS zu mehreren
                IPv4-Adressen aufgelöst werden, so wird jeweils die
                <emphasis>zuerst zurückgegebene Adresse</emphasis> untersucht. Ferner werden
                Dienste, die auf IPv6 basieren <emphasis>nicht</emphasis> analysiert.
            </para>
        </section>


        <section>
            <info><title>Untersuchungszeitraum</title></info>
            <para>
                Die Prüfung erfolgte im Zeitraum vom {{time_period(started_at, finished_at)}}.
		Der vorliegende Bericht wurde auf Basis der erhobenen Ergebnisse am {{time_at(generated_at)}} generiert.
            </para>
	</section>

        <section xml:id="sec.software">
            <info><title>Verwendete Software</title></info>
            <para>
		    Die verwendete Version der Testumgebung ist <emphasis>{{ceti_version}}</emphasis>.
		    Diese basiert auf der in <xref linkend="tbl.software"/> aufgeführten Software.
            </para>

        <table xml:id="tbl.software">
            <caption>Verwendete Software</caption>
            <colgroup>
                <col width="50%"/>
                <col width="50%"/>
            </colgroup>
            <thead>
                <tr>
                    <th>Software</th>
                    <th>Version</th>
                </tr>
            </thead>
            <tbody>
                {% for name, version in versions.items() %}
                    <tr>
                        <td>{{name}}</td>
                        <td>{{version}}</td>
                    </tr>
                {% endfor %}
            </tbody>
        </table>

	</section>

        {% if target.remarks %}
        <section>
            <info><title>Anmerkungen</title></info>
            <para>{{ target.remarks|safe }}</para>
        </section>
        {% endif %}

    </chapter>

    {%- for m in modules %}
    {%- if modules[m].chapter %}
    <xi:include href="{{ modules[m].chapter }}"/>
    {% endif -%}
    {% endfor -%}

    <bibliography>
        <title>Literaturverzeichnis</title>

        <biblioentry xml:id="tr-03108-1">
            <abbrev>BSI TR-03108-1</abbrev>
            <pubdate>Version 2022-01</pubdate>
            <title>BSI TR-03108-1: Secure E-Mail Transport</title>
            <publisher>
                <publishername>Bundesamt für Sicherheit in der Informationstechnik</publishername>
            </publisher>
        </biblioentry>

        <biblioentry xml:id="tr-03108-2">
            <abbrev>BSI TR-03108-2</abbrev>
            <pubdate>Version 1.0.2</pubdate>
            <title>Testspecification; Conformance Tests for Secure E-Mail Transport in compliance to BSI TR-03108-1</title>
            <publisher>
                <publishername>Bundesamt für Sicherheit in der Informationstechnik</publishername>
            </publisher>
        </biblioentry>

        <biblioentry xml:id="tr-02102-2">
            <abbrev>BSI TR-02102-2</abbrev>
            <pubdate>Version 1.0.1</pubdate>
            <title>Technische Richtlinie TR-02102-2 Kryptographische Verfahren: Empfehlungen und Schlüssellängen</title>
            <publisher>
                <publishername>Bundesamt für Sicherheit in der Informationstechnik</publishername>
            </publisher>
        </biblioentry>

        <biblioentry xml:id="tr-03116">
            <abbrev>BSI TR-03116-4</abbrev>
            <pubdate>24.01.2022</pubdate>
            <title>Technische Richtlinie BSI TR-03116 Kryptographische Vorgaben für Projekte der Bundesregierung</title>
            <publisher>
                <publishername>Bundesamt für Sicherheit in der Informationstechnik</publishername>
            </publisher>
        </biblioentry>

    </bibliography>

    {%- for m in modules %}
    {%- if modules[m].appendix %}
    <xi:include href="{{ modules[m].appendix }}"/>
    {% endif -%}
    {% endfor -%}

<appendix xml:id="dns-configuration" xmlns="http://docbook.org/ns/docbook">
<info><title>Konfiguration der DNS Zonen</title></info>

<para>Im Folgenden werden die Konfigurationen der Mailserver aufgeführt.</para>

{% for zone in dns_zones %}
<section xml:id="appendix.dnszone-{{ zone.zone }}">
    <info><title>Zone {{ zone.zone }}</title></info>

    {% if zone.testcase %}
    <para>
        Die DNS-Zone <emphasis>{{ zone.zone }}</emphasis> dient dazu, den Testfall
        {{ zone.testcase }} in <citation linkend="tr-03108-1"/> zu überprüfen.
    </para>
    {% endif %}

    {% if zone.description %}
    <blockquote>
        <attribution><citation linkend='tr-03108-2'/></attribution>
        <para>
            {{ zone.description }}
        </para>
    </blockquote>
    {% endif %}
    <programlisting><![CDATA[
    {{ zone.zone_source }}
    ]]></programlisting>
</section>
{% endfor %}

</appendix>

</book>
