<?xml version="1.0" encoding="utf-8"?>
<para xmlns="http://docbook.org/ns/docbook"
    xmlns:bsi="http://bsi.bund.de/ns/docbook" xmlns:xlink="http://www.w3.org/1999/xlink"
    xmlns:math="http://forge.scilab.org/p/jlatexmath" version="5.0-variant bsi" xml:lang="de">
    Um die Konformität der Dienste zu den Anforderungen
    <emphasis>TR-03108-01-M: MUA to MHS Communication</emphasis>,
    <emphasis>TR-03108-02-M: MUA to MHS Communication Backwards Compatibility</emphasis>,
    <emphasis>TR-03108-03-M: MTA to MTA Inbound Transport Encryption</emphasis> und zu prüfen,
    wird ein systematischer Scan von Diensten, die mittels TLS kommunizieren, durchgeführt.
    Die vom jeweiligen Dienst für eingehende Verbindungen unterstützten kryptographischen 
    Verfahren werden dargelegt und im Kontext von <citation linkend="tr-03116"/> beurteilt.
    Zu beachten ist dabei, dass die Verwendung von TLS gemäß Abschnitt 4.3.2 in <citation linkend="tr-03108-1"/> in einem
    opportunistischen Sinne bewertet wird. Abweichungen von den Empfehlungen aus <citation linkend="tr-03116"/> werden
    zwar hervorgehoben, jedoch nicht als Abweichung von <citation linkend="tr-03108-1"/> verstanden.
    Zur Untersuchung der Anforderung <emphasis>TR-03108-04-M: MTA to MTA Outbound Transport Encryption</emphasis>
    werden im Rahmen der Prüfung E-Mails vom TOE versendet und der Verbindungsaufbau der vom TOE ausgehenden Verbindung analysiert.
    Konkret wird das TLS-ClientHello-Paket protokolliert und ausgewertet.
    Die Konformitätsbewertung erfolgt analog zu den vorhergehenden Anforderungen im Sinne einer opportunistischen Verschlüsselung.
    Darüber hinaus wird überprüft, ob das TOE seine Dienste anforderungskonform in maschinenlesbarer Form veröffentlicht.
</para>
