<?xml version="1.0" encoding="UTF-8"?>

{% import 'tls-lib.xml' as tls_funcs %}
<chapter xmlns="http://docbook.org/ns/docbook" xmlns:xi="http://www.w3.org/2001/XInclude"
xmlns:bsi="http://bsi.bund.de/ns/docbook" xmlns:xlink="http://www.w3.org/1999/xlink"
xmlns:math="http://forge.scilab.org/p/jlatexmath" version="5.0-variant bsi" xml:lang="de" xml:id="sec.tls">
<info><title>Transport Layer Security (TLS)</title></info>

    <section xml:id="sec.tls.mta2mta-inbound">
        <info><title>Unterstützung von TLS bei Empfang von E-Mails</title></info>
        <para>
            Im Folgenden wird die Unterstützung von TLS der in <xref linkend="table.tls.mta-inbound"/>
            aufgeführten MTA im Kontext von <citation linkend="tr-03116"/> bewertet.
        </para>

        <table xml:id="table.tls.mta-inbound">
            <caption>Untersuchte TLS Dienste</caption>
            <colgroup>
                <col width="35%"/>
                <col width="13%"/>
                <col width="12%"/>
                <col width="20%"/>
                <col width="20%"/>    
            </colgroup>
            <thead>
                <tr>
                    <th>Dienst</th>
                    <th>Protokoll</th>
                    <th>Konform</th>
                    <th>Bewertung</th>
                    <th>Details</th>
                </tr>
            </thead>
            <tbody>   
        {% if mta_results %}
                {% for result in mta_results %}
                <tr>
                    <td>{{ result.endpoint }}</td>
                    <td>{{ result.service_type }}</td>
                    <td>{{ "ja" if result.tls_analysis.is_conform else "nein" }}</td>
                    <td><xref linkend="sec.{{ tls_funcs.id(result.tls_analysis) }}" /></td>
                    <td><xref linkend="appendix.{{ tls_funcs.id(result.tls_analysis) }}" /></td>
                </tr>
                {% endfor %}
        {% else %}
                <tr>
                    <td colspan="5">keine.</td>
                </tr>
        {% endif %}
            </tbody>
        </table>

        {% for result in mta_results -%}
            {% set title = "Bewertung des Dienstes " + result.endpoint  %}
            {{ tls_funcs.tls_section(title, result.endpoint, result.tls_analysis ) }}
        {%- endfor %}
    </section>
    
    <section xml:id="sec.tls.mta2mta-outbound">
        <info><title>Unterstützung von TLS bei Versand von E-Mails</title></info>
        <para>
            Im Folgenden wird die Unterstützung von TLS bei Versand von E-Mails
            durch das MHS zu einem MTA untersucht. Dies umfasst die in 
            <xref linkend="table.tls.mails"/> aufgeführten, vom MHS versendeten E-Mails. Hierzu
            wird die TLS-ClientHello-Nachricht, die das MHS im Rahmen der E-Mail-Zustellung
            versendet hat, im Kontext von <citation linkend="tr-03116"/> bewertet.
        </para>

        <table xml:id="table.tls.mails">
            <caption>Untersuchte E-Mail TLS Dienste</caption>
            <colgroup>
                <col width="28%"/>
                <col width="28%"/>
                <col width="10%"/>
                <col width="17%"/>
                <col width="17%"/>    
            </colgroup>
            <thead>
                <tr>
                    <th>Empfänger</th>
                    <th>Absender<?linebreak?>(MTA IP-Adresse)</th>
                    <th>Konform</th>
                    <th>Bewertung</th>
                    <th>Detaillierte<?linebreak?>TLS Analyse</th>
                </tr>
            </thead>
            <tbody>   
                {% if mail_results|length == 0 %}
                <tr>
                    <td colspan="5">Keine E-Mails empfangen.</td>
                </tr>
                {% endif %}

                {% for result in mail_results: %}
                <tr>
                    <td>{{ result.mail.recipient }}</td>
                    <td>{{ result.mail.sender }}<?linebreak?>({{ result.mail.clientip }})</td>
                    <td>{{ "ja" if result.tls_analysis.is_conform else "nein" }}</td>
                    <td><xref linkend="sec.{{ tls_funcs.id(result.tls_analysis) }}" /></td>
                    <td><xref linkend="appendix.{{ tls_funcs.id(result.tls_analysis) }}" /></td>
                </tr>
                {% endfor %}
            </tbody>
        </table>

        {% for result in mail_results -%}
            {% set title = "Bewertung des E-Mail-Versands an " + result.mail.recipient %}
            {% set service = "MTA-to-MTA (" + result.mail.sender + " → " + result.mail.recipient + ")" %}
            {{ tls_funcs.tls_section(title, service, result.tls_analysis ) }}
        {%- endfor %}
    </section>
    
    <section xml:id="sec.tls.services">
        <info><title>Unterstützung von TLS sonstiger Dienste</title></info>
        <para>
            Im Folgenden wird die TLS Konfiguration für die in <xref linkend="table.tls.services"/>
            aufgeführten Dienste bewertet.
        </para>

        <table xml:id="table.tls.services">
            <caption>Untersuchte TLS Dienste</caption>
            <colgroup>
                <col width="35%"/>
                <col width="13%"/>
                <col width="12%"/>
                <col width="20%"/>
                <col width="20%"/>    
            </colgroup>
            <thead>
                <tr>
                    <th>Dienst</th>
                    <th>Protokoll</th>
                    <th>Konform</th>
                    <th>Bewertung</th>
                    <th>Details</th>
                </tr>
            </thead>
            <tbody>   
            {% if service_results %}
                {% for result in service_results %}
                <tr>
                    <td>{{ result.endpoint }}</td>
                    <td>{{ result.service_type }}</td>
                    <td>{{ "ja" if result.tls_analysis.is_conform else "nein" }}</td>
                    <td><xref linkend="sec.{{ tls_funcs.id(result.tls_analysis) }}" /></td>
                    <td><xref linkend="appendix.{{ tls_funcs.id(result.tls_analysis) }}" /></td>
                </tr>
                {% endfor %}
            {% else %}
                    <tr>
                        <td colspan="5">keine.</td>
                    </tr>
            {% endif %}
            </tbody>
        </table>

        {% for result in service_results -%}
            {% set title = "Bewertung des Dienstes " + result.endpoint  %}
            {{ tls_funcs.tls_section(title, result.endpoint, result.tls_analysis ) }}
        {%- endfor %}
    </section>

    <section xml:id="sec.tls.fallback">
        <info><title>Rückwärtskompatibilität mittels STARTTLS</title></info>
            {% if fallback_results|length > 0 %}
                {% set fallback = fallback_results[0] %}
                <para>
                    {{ "Alle" if fallback.is_compliant else "Nicht alle" }} Dienste, die mittels
                    TLS kommunizieren können, unterstützen STARTTLS
                    (siehe <xref linkend="table.tls.fallback"/>).
                </para>

                <table xml:id="table.tls.fallback">
                    <caption>Fallback STARTTLS</caption>
                    <colgroup>
                        <col width="50%"/>
                        <col width="50%"/>
                    </colgroup>
                    <thead>
                        <tr>
                            <th>TLS-Dienst</th>
                            <th>STARTTLS Fallback</th>
                        </tr>
                    </thead>
                    <tbody>            
                        {% if fallback.smtp[0]|length == 0 and
                            fallback.imap[0]|length == 0 and
                            fallback.pop3[0]|length == 0 %} 
                            <tr><td colspan="2">Keine TLS-Dienste konfiguriert.</td></tr>
                        {% endif %}

                        {% if fallback.smtp[0]|length > 0 %} 
                        <tr>
                            <td>{{ fallback.smtp[0]|join(', ') }}</td>
                            <td>{{ fallback.smtp[1]|join(', ') }}</td>
                        </tr>
                        {% endif %}
                        {% if fallback.imap[0]|length > 0 %}
                        <tr>
                            <td>{{ fallback.imap[0]|join(', ') }}</td>
                            <td>{{ fallback.imap[1]|join(', ') }}</td>
                        </tr> 
                        {% endif %}
                        {% if fallback.pop3[0]|length > 0 %}
                        <tr>
                            <td>{{ fallback.pop3[0]|join(', ') }}</td>
                            <td>{{ fallback.pop3[1]|join(', ') }}</td>
                        </tr>
                        {% endif %}
                    </tbody>    
                </table>
            {% else %}
                <para>Keine Analyse der Rückwärtskompatibilität durchgeführt.</para>
            {% endif %} 
    </section>


    
</chapter>
