{%- macro id(scan) -%}
tls-{{scan.test_id}}
{%- endmacro -%}


{%- macro tls_section(title, service, scan) -%}
<section {{ {'xml:id': 'sec.' + id(scan)} | xmlattr }}>
    <info><title>{{ title }}</title></info>  
    {% if scan.is_error %}
        <para>
            Während der Untersuchung ist ein Fehler aufgetreten: <emphasis>{{ scan.error }}</emphasis> 
        </para>
    {% else %}
        {% if scan.is_conform %}
            <para>
                {% if scan.is_clienthello %}
                    Bei der Zustellung an <emphasis>{{scan.mail.recipient}}</emphasis> von <emphasis>{{scan.mail.sender}}</emphasis> unterstützt der MTA <emphasis>{{scan.mail.clientip}}</emphasis>
                {% else %}
                    Der Dienst <emphasis>{{ service }}</emphasis> unterstützt  
                {% endif %}
                TLS einschließlich Perfect Forward Secrecy (siehe<xref linkend="appendix.{{ id(scan) }}"/> für Details) 
                und ist daher <emphasis role="bold">konform</emphasis> zu <citation linkend="tr-03108-1"/>.
            </para>
        {% else %}
            <para>
                {% if scan.is_clienthello %}
                    Bei der Zustellung an {{scan.mail.recipient}} von {{scan.mail.sender}} unterstützt der MTA {{scan.mail.clientip}}
                {% else %}
                    Der Dienst <emphasis>{{ service }}</emphasis> unterstützt  
                {% endif %}
                <emphasis>kein</emphasis> TLS mit Perfect Forward Secrecy (siehe <xref linkend="appendix.{{ id(scan) }}"/> für Details)
                und ist daher <emphasis role="bold">nicht konform</emphasis> zu <citation linkend="tr-03108-1"/>.
            </para>
        {% endif %}
        
        {% if scan.tr02102_2|length > 0 %}  
        
            {% set result = scan.tr02102_2[0] %}  
            {% if not result.compliant %}
                <para>
                    Der {{ "MTA" if scan.is_clienthello else "Dienst" }} weißt die folgenden Abweichungen 
                    gebenüber <citation linkend="tr-03116"/> auf:
                </para>

                <orderedlist>
                    {% set ver_not_ok = False %}
                    {% for tlsversion in result.protos %}
                        {% if not tlsversion.recommended %}
                            {% set ver_not_ok = True %}                  
                        {% endif %}
                    {%- endfor %}
                    {% if ver_not_ok %}
                        <listitem>
                            <para>
                                Unterstützung für folgende TLS Versionen, die 
                                von <citation linkend="tr-03116"/> <emphasis role="bold">nicht empfohlen</emphasis> werden:
                                <itemizedlist bsi:ignore="list.itemcount">    
                                    {% for tlsversion in result.protos %}
                                        {% if not tlsversion.recommended %}
                                            <listitem>
                                                    {{ tlsversion.name }}
                                            <listitem>
                                        {% endif %}
                                    {%- endfor %}
                                </itemizedlist>
                            </para>
                        </listitem>
                    {% endif %}

                    {% if result.bad_ciphers | length > 0 %}
                        <listitem>
                            <para>
                                Unterstützung für folgende <emphasis>Verschlüsselungsverfahren</emphasis>,
                                die von <citation linkend="tr-03116"/> <emphasis role="bold">nicht empfohlen</emphasis> werden:
                                <itemizedlist bsi:ignore="list.itemcount">
                                    {% for cipher in result.bad_ciphers %}
                                    <listitem>
                                        <para>
                                            {{ cipher.description }} (0x{{ '%04X' % cipher.identifier}})
                                        </para>
                                    </listitem>
                                    {% endfor %}
                                </itemizedlist>
                            </para>
                        </listitem>
                    {% endif %}
                    
                    {% if result.bad_groups | length > 0 %}
                        <listitem>
                            <para>
                                Unterstützung für folgende <emphasis>Gruppen</emphasis>,
                                die von <citation linkend="tr-03116"/> <emphasis role="bold">nicht empfohlen</emphasis> werden:
                                <itemizedlist bsi:ignore="list.itemcount">
                                {% for group in result.bad_groups %}
                                    <listitem>
                                        <para>
                                            {{ group.description }}   (0x{{ '%04X' % group.identifier}})
                                        </para>
                                    </listitem>
                                    {% endfor %}
                                </itemizedlist>
                            </para>
                        </listitem>
                    {% endif %}

                    {% if result.bad_sign_algo | length > 0 %}
                        <listitem> 
                            <para>
                                Unterstützung für folgende <emphasis>Signaturverfahren</emphasis>,
                                die von <citation linkend="tr-03116"/> <emphasis role="bold">nicht empfohlen</emphasis> werden:
                                <itemizedlist bsi:ignore="list.itemcount">
                                    {% for alg in result.bad_sign_algo %}
                                    <listitem>
                                        <para>
                                            {{ alg.description if alg.description is defined else alg.name }} (0x{{ '%04X' % alg.identifier}})
                                        </para>
                                    </listitem>
                                    {% endfor %}
                                </itemizedlist>
                            </para>
                        </listitem>
                    {% endif %}
                </orderedlist>
            {% endif %}
            {% else %}
                <para>Keine Überprüfung nach <citation linkend="tr-03116"/> durchgeführt.</para>
            {% endif %}  
        {% endif %}
</section>
{%- endmacro -%}


{%- macro cipher_table(ciphers, service, id) -%}
<table{{ {'xml:id': id } | xmlattr}}>
    <caption>Unterstüzte Verschlüsselungsverfahren: {{ service }}</caption>
    <colgroup>
        <col width="60%"/>
        <col width="10%"/>
        <col width="10%"/>
        <col width="20%"/>
    </colgroup>
    <thead>
        <tr>
            <td>Verfahren</td>
            <td>ID</td>
            <td>RFC</td>
            <td>Empfohlen</td>
        </tr>
    </thead>
    <tbody>
        {% for cipher in ciphers %}
        <tr>
            <td>{{ cipher.description }}</td>
            <td>0x{{ '%04X' % cipher.identifier}}</td>
            <td>{{ cipher.rfc }}</td>
            <td>{{ "ja" if cipher.recommended else "nein" }}</td>
        </tr>
        {% endfor %}
    </tbody>
</table>
{%- endmacro -%}


{%- macro groups_table(groups, service, id) -%}
<table{{ {'xml:id': id } | xmlattr}}>
    <caption>Untersützte Gruppen: {{ service }}</caption>
    <colgroup>
        <col width="60%"/>
        <col width="10%"/>
        <col width="10%"/>
        <col width="20%"/>
    </colgroup>
    <thead>
        <tr>
            <td>Verfahren</td>
            <td>ID</td>
            <td>RFC</td>
            <td>Empfohlen</td>
        </tr>
    </thead>
    <tbody>
        {% for group in groups %}
        <tr>
            <td>{{ group.description if group.description is defined else group.name }}</td>
            <td>0x{{ '%04X' % group.identifier}}</td>
            <td>{{ group.rfc if group.rfc is defined else "" }}</td>
            <td>{{ "ja" if group.recommended else "nein" }}</td>
        </tr>
        {% endfor %}
    </tbody>
</table>
{%- endmacro -%}


{%- macro sign_algo_table(sign_algos, service, id) -%}
<table{{ {'xml:id': id } | xmlattr}}>
    <caption>Untersützte Signaturverfahren: {{ service }}</caption>
    <colgroup>
        <col width="60%"/>
        <col width="10%"/>
        <col width="10%"/>
        <col width="20%"/>
    </colgroup>
    <thead>
        <tr>
            <td>Verfahren</td>
            <td>ID</td>
            <td>RFC</td>
            <td>Empfohlen</td>
        </tr>
    </thead>
    <tbody>
        {% for alg in sign_algos %}
        <tr>
            <td>{{ alg.description if alg.description is defined else alg.name }}</td>
            <td>0x{{ '%04X' % alg.identifier}}</td>
            <td>{{ alg.rfc if alg.rfc is defined else "" }}</td>
            <td>{{ "ja" if alg.recommended else "nein" }}</td>
        </tr>
        {% endfor %}
    </tbody>
</table>
{%- endmacro -%}


{% macro tls_appendix(tile, service, scan) %}
<section {{ {'xml:id': 'appendix.' + id(scan)} | xmlattr }}>
    <info><title>{{ tile }}</title></info>    

    <section >
        <info><title>Allgemeine Informationen</title></info>
        <table{{ {'xml:id': id(scan) + '-meta' } | xmlattr}}>
            <caption>Allgemeine Informationen: {{ service }}</caption>
            <colgroup>
                <col width="20%"/>
                <col width="80%"/>
            </colgroup>
            <thead>
                <tr>
                    <td>Attribut</td>
                    <td>Wert</td>
                </tr>
            </thead>
            <tbody>
                {% if scan.is_clienthello %}
                    <tr>
                        <td>Quelle</td>
                        <td>TLS-Handshake {{ service }}</td>
                    </tr>
                    <tr>
                        <td>Remote MTA</td>
                        <td>{{ scan.invocation.ip }}:{{ scan.invocation.port }}</td>
                    </tr>
                {% else %}
                    <tr>
                        <td>Host</td>
                        <td>{{ scan.invocation.ip }}</td>
                    </tr>
                    <tr>
                        <td>Port</td>
                        <td>{{ scan.invocation.port }}</td>
                    </tr>
                    <tr>
                        <td>SNI</td>
                        <td>{{ scan.invocation.host }}</td>
                    </tr>
                    <tr>
                        <td>Befehl</td>
                        <td>{% for arg in scan.invocation.cmd %}{{ arg }} {% endfor %}</td>
                    </tr>
                {% endif %}
            </tbody>
        </table>
    </section>

    {% if scan.is_error %}
        <para>
            Während der Untersuchung ist ein Fehler aufgetreten: <emphasis>{{ scan.error }}</emphasis> 
        </para>
    {% endif %}

    {% if scan.tr02102_2|length > 0 and not scan.is_error %}
        <section>
            <info><title>Protokollversionen</title></info>
            <table{{ {'xml:id': id(scan) + '-versions' } | xmlattr}}>
                <caption>Unterstützte Protokollversionen: {{ service }}</caption>
                <colgroup>
                    <col width="20%"/>
                    <col width="80%"/>
                </colgroup>
                <thead>
                    <tr>
                        <td>Version</td>
                        <td>Empfohlen</td>
                    </tr>
                </thead>
                <tbody>
                    {% for result in scan.tr02102_2 %}
                        {% for tlsversion in result.protos %}
                            <tr>
                                <td>{{ tlsversion.name }}</td>
                                <td>{{ "ja" if tlsversion.recommended else "nein" }}</td>
                            </tr>
                        {% endfor %}
                    {% endfor %}
                </tbody>
            </table>
        </section>

        {% for result in scan.tr02102_2 %}
            {% if not scan.is_clienthello %}
                {% for tlsversion in result.protos %}
                <section>
                    <info><title>Unterstützte kryptographische Verfahren: {{ tlsversion.name }}</title></info>

                    {{ cipher_table(result.ciphers[tlsversion.name], service, id(scan) + tlsversion.name + '-ciphers' ) }}

                    {% if tlsversion.name in result.groups -%}
                    {{ groups_table(result.groups[tlsversion.name], service, id(scan) + tlsversion.name + '-groups') }}
                    {%- endif %}

                    {% if tlsversion.name in result.sign_algo -%}
                    {{ sign_algo_table(result.sign_algo[tlsversion.name], service, id(scan) + tlsversion.name + '-algos') }}
                    {%- endif %}
                </section>
                {% endfor %}
            {% else %}
            <section>
                <info><title>Unterstützte kryptographische Verfahren</title></info>

                {% for _, ciphers in result.ciphers.items() -%}
                {{ cipher_table(ciphers, service, id(scan) + '-ciphers' ) }}
                {% endfor %}

                {% for _, groups in result.groups.items() -%}
                {{ groups_table(groups, service, id(scan) +  '-groups') }}
                {%- endfor %}

                {% for _, sign_algos in result.sign_algo.items() -%}
                {{ sign_algo_table(sign_algos, service, id(scan) + '-algos') }}
                {%- endfor %}
            </section>
            {% endif %}
        {% endfor %}

    {% else %}
        <para>Keine Testdaten vorhanden.</para>
    {% endif %}

</section>
{% endmacro %}
