<?xml version="1.0" encoding="UTF-8"?>

{% import 'dnssec-lib.xml' as dnssec_funcs %}

<chapter xmlns="http://docbook.org/ns/docbook" xmlns:xi="http://www.w3.org/2001/XInclude"
    xmlns:bsi="http://bsi.bund.de/ns/docbook" xmlns:xlink="http://www.w3.org/1999/xlink"
    xmlns:math="http://forge.scilab.org/p/jlatexmath" version="5.0-variant bsi" xml:lang="de" xml:id="sec.tlsrpt">
<info><title>SMTP TLS Reporting (TLSRPT)</title></info>

{% if result %}

<section xml:id="sec.tlsrpt.inbound">
    <info><title>Empfang von TLS Reports</title></info>

    <variablelist>
        <varlistentry>
            <term>
                TR-03108-G-01
            </term>
            <listitem>
                <para>
                    {% if result.g01 %}
                    <emphasis role="bold">Konform:</emphasis>
                    Es konnten TLSRPT TXT Ressource Records identifiziert werden und diese sind korrekt.
                    {% else %}
                    <emphasis role="bold">Nicht konform:</emphasis>
                    Die Domain unterstützt den Empfang von TLS Reports nicht.
                    {% endif %}
                </para>
                {% if result.txt_records|length > 0 %}
                <programlisting>
{%- for validated_record in result.txt_records -%}
{{ validated_record.record.query }}  TXT  {{ validated_record.record.text }}
{% endfor -%}
                </programlisting>

                {% for validated_record in result.txt_records %}
                {{ dnssec_funcs.dnssec_table([validated_record.dnssec], "tlsrpt-" + validated_record.test_id, "tlsrpt") }}
                {% endfor %}
                {% endif %}
            </listitem>
        </varlistentry>
        <varlistentry>
            <term>
                TR-03108-G-02
            </term>
            <listitem>
                <para>
                    {% if result.g02 %}
                    <emphasis role="bold">Konform:</emphasis>
                    Es werden keine HTTPS Report Policies veröffentlicht.
                    {% else %}
                    <emphasis role="bold">Nicht konform:</emphasis>
                    Es werden HTTPS Report Policies veröffentlicht.
                    {% endif %}
                </para>
            </listitem>
        </varlistentry>
        <varlistentry>
            <term>
                TR-03108-G-03
            </term>
            <listitem>
                <para>
                    {% if result.g03 %}
                    <emphasis role="bold">Konform:</emphasis>
                    Es wird eine MAILTO Report Policy veröffentlicht.
                    {% else %}
                    <emphasis role="bold">Nicht konform:</emphasis>
                    Es werden keine MAILTO Report Policies veröffentlicht.
                    {% endif %}
                </para>
            </listitem>
        </varlistentry>
    </variablelist>
</section>

<section xml:id="sec.tlsrpt.outbound">
    <info><title>Versand von TLS Reports</title></info>
    <variablelist>
        <varlistentry>
            <term>
                TR-03108-H-01
            </term>
            <listitem>
                <para>
                    {% if result.h01 %}
                    <emphasis role="bold">Konform:</emphasis>
                    Die Domain versendet TLS Reports.
                    {% else %}
                    <emphasis role="bold">Nicht konform:</emphasis>
                    Die Domain versendet keine TLS Reports.
                    {% endif %}
                </para>
            </listitem>
        </varlistentry>
        <varlistentry>
            <term>
                TR-03108-H-02
            </term>
            <listitem>
                <para>
                    {% if result.h02 %}
                    <emphasis role="bold">Konform:</emphasis>
                    Das TOE versendet keine TLS Reports, wenn die Versionsnummer des TLSRPT-DNS-Records fehlt.
                    {% else %}
                    <emphasis role="bold">Nicht konform:</emphasis>
                    Das TOE versendet TLS Reports, auch wenn die Versionsnummer des TLSRPT-DNS-Records fehlt.
                    {% endif %}
                </para>
            </listitem>
        </varlistentry>
        <varlistentry>
            <term>
                TR-03108-H-03
            </term>
            <listitem>
                <para>
                    {% if result.h03 %}
                    <emphasis role="bold">Konform:</emphasis>
                    Das TOE versendet keine TLS Reports, wenn die Versionsnummer des TLSRPT-DNS-Records fehlerhaft ist.
                    {% else %}
                    <emphasis role="bold">Nicht konform:</emphasis>
                    Das TOE versendet TLS Reports, auch wenn die Versionsnummer des TLSRPT-DNS-Records fehlerhaft ist.
                    {% endif %}
                </para>
            </listitem>
        </varlistentry>
        <varlistentry>
            <term>
                TR-03108-H-04
            </term>
            <listitem>
                <para>
                    {% if result.h04 %}
                    <emphasis role="bold">Konform:</emphasis>
                    Das TOE versendet keine TLS Reports an mailto:tlsrpt@{{ ceti.zones.tlsrpt_rua_none }}, wenn der RUA-Eintrag im TLSRPT-DNS Record fehlt.
                    {% else %}
                    <emphasis role="bold">Nicht konform:</emphasis>
                    Das TOE versendet TLS Reports an mailto:tlsrpt@{{ ceti.zones.tlsrpt_rua_none }}, auch wenn der RUA-Eintrag im TLSRPT-DNS Record fehlt.
                    {% endif %}
                </para>
            </listitem>
        </varlistentry>
        <varlistentry>
            <term>
                TR-03108-H-05
            </term>
            <listitem>
                <para>
                    {% if result.h05 %}
                    <emphasis role="bold">Konform:</emphasis>
                    Das TOE ist in der Lage TLS Reports per HTTPS zu versenden.
                    {% else %}
                    <emphasis role="bold">Nicht konform:</emphasis>
                    Das TOE ist nicht in der Lage TLS Reports per HTTPS zu versenden.
                    {% endif %}
                </para>
            </listitem>
        </varlistentry>
        <varlistentry>
            <term>
                TR-03108-H-06
            </term>
            <listitem>
                <para>
                    {% if result.h06 %}
                    <emphasis role="bold">Konform:</emphasis>
                    Das TOE ist in der Lage TLS Reports per SMTP zu versenden.
                    {% else %}
                    <emphasis role="bold">Nicht konform:</emphasis>
                    Das TOE ist nicht in der Lage TLS Reports per SMTP zu versenden.
                    {% endif %}
                </para>
            </listitem>
        </varlistentry>
        <varlistentry>
            <term>
                TR-03108-H-07
            </term>
            <listitem>
                <para>
                    {% if result.h07 %}
                    <emphasis role="bold">Konform:</emphasis>
                    Vom TOE versendete TLS Reports sind gültig mit DKIM signiert.
                    {% else %}
                    <emphasis role="bold">Nicht konform:</emphasis>
                    Es wurde kein DKIM-signierter TLS Report empfangen.
                    {% endif %}
                </para>
            </listitem>
        </varlistentry>
        <varlistentry>
            <term>
                TR-03108-H-08
            </term>
            <listitem>
                <para>
                    {% if result.h08 %}
                    <emphasis role="bold">Konform:</emphasis>
                        Das TOE versendet TLS Reports zu Negotiation Failures, wenn der Mailserver
                        keine Verschlüsselung unterstützt.
                    {% else %}
                    <emphasis role="bold">Nicht konform:</emphasis>
                        Das TOE versendet keine TLS Reports zu Negotiation Failures, wenn der Mailserver
                        keine Verschlüsselung unterstützt.
                    {% endif %}
                </para>
            </listitem>
        </varlistentry>
        <varlistentry>
            <term>
                TR-03108-H-09
            </term>
            <listitem>
                <para>
                    {% if result.h09 %}
                    <emphasis role="bold">Konform:</emphasis>
                    Die Domain versendet TLS Reports für Policy Failures.
                    {% else %}
                    <emphasis role="bold">Nicht konform:</emphasis>
                    Die Domain versendet keine TLS Reports für Policy Failures.
                    {% endif %}
                </para>
            </listitem>
        </varlistentry>
    </variablelist>
</section>

{% else %}

<para>Eine TLSRPT-Analyse wurde nicht durchgeführt.</para>
<section xml:id="sec.tlsrpt.inbound">
    <info><title>Inbound Tests</title></info>

    <para>Nicht anwendbar.</para>
</section>

<section xml:id="sec.tlsrpt.outbound">
    <info><title>Inbound Tests</title></info>

    <para>Nicht anwendbar.</para>
</section>
{% endif %}

</chapter>
