<?xml version="1.0" encoding="UTF-8"?>

{% import 'dnssec-lib.xml' as dnssec_funcs %}
{% import 'mail-lib.xml' as mail_funcs %}

<appendix xml:id="appendix.tlsrpt" xmlns="http://docbook.org/ns/docbook"
    xmlns:bsi="http://bsi.bund.de/ns/docbook" xmlns:xlink="http://www.w3.org/1999/xlink"
    xmlns:math="http://forge.scilab.org/p/jlatexmath" version="5.0-variant bsi" xml:lang="de">
    <info><title>TLSRPT</title></info>

    {% if result %}
    <section xml:id="appendix.tlsrpt.reports">
        <info><title>Empfangene Reports</title></info>

        {% set ns = namespace(prev=0) %}
        {% set ns.got_report = False %}
        {% for mail in result.smtp_reports %}
            {% set ns.got_report = True %}
            <section>
                <info><title>E-Mail von {{mail.mail.sender}} an {{mail.mail.recipient}}</title></info>

                <programlisting>{{ json.dumps(mail.report, indent=2) }}</programlisting>

                {{ mail_funcs.mail_appendix(mail.mail) }}
            </section>
        {% endfor %}
        {% for report in result.https_reports %}
            {% set ns.got_report = True %}
            <section>
                <info><title>HTTPS Report</title></info>

                <programlisting>{{ json.dumps(report, indent=2) }}</programlisting>
            </section>
        {% endfor %}
        {% if not ns.got_report %}
        <para>
            Keine Reports empfangen.
        </para>
        {% endif %}
    </section>


    {% for record in result.txt_records -%}
    <section xml:id="appendix.tlsrpt.{{ dnssec_funcs.dnssec_image_id(record.dnssec, 'tlsrpt-' + record.test_id)}}">
        <info><title>DNSSEC Validierung für {{record.dnssec.domain}} ({{record.dnssec.rdtype}})</title></info>
        {{ dnssec_funcs.dnssec_image(record.dnssec, "tlsrpt-" + record.test_id, tmpfs) }}
    </section>
    {%- endfor %}
    {% else %}

    <para>Eine TLSRPT-Analyse wurde nicht durchgeführt.</para>
    {% endif %}
</appendix>
